season,transaction_id,team_id,week,played,best,started,win_pct,flip,score,cf_score,opp_score,version
2018,077ef916-29a3-34cf-9c4f-8244147d97ec,3,1,True,4.8,4.8,3.26,0,75.4,70.6,127.12,1
2018,077ef916-29a3-34cf-9c4f-8244147d97ec,3,2,True,-19.1,-18.5,-11.05,0,59.34,77.84,135.04,1
2018,077ef916-29a3-34cf-9c4f-8244147d97ec,3,3,True,8.5,3.8,6.66,0,100.42,96.62,80.44,1
2018,077ef916-29a3-34cf-9c4f-8244147d97ec,3,4,True,3.5,3.5,6.08,0,104.36,100.86,140.1,1
2018,077ef916-29a3-34cf-9c4f-8244147d97ec,3,5,True,-1.9,-5.0,-5.99,0,114.1,119.1,97.1,1
2018,077ef916-29a3-34cf-9c4f-8244147d97ec,3,6,True,5.9,5.9,9.71,0,116.46,110.56,106.26,1
2018,077ef916-29a3-34cf-9c4f-8244147d97ec,3,7,True,2.2,-3.3,-6.72,0,97.48,100.78,114.18,1
2018,077ef916-29a3-34cf-9c4f-8244147d97ec,3,8,False,9.8,0.0,0.0,0,152.8,152.8,108.94,1
2018,077ef916-29a3-34cf-9c4f-8244147d97ec,3,9,True,18.1,14.68,20.03,0,123.16,108.48,68.18,1
2018,077ef916-29a3-34cf-9c4f-8244147d97ec,3,10,True,18.6,9.0,14.74,0,99.66,90.66,142.82,1
2018,077ef916-29a3-34cf-9c4f-8244147d97ec,3,11,True,9.2,-9.7,-19.51,0,100.48,110.18,122.02,1
2018,077ef916-29a3-34cf-9c4f-8244147d97ec,3,12,True,5.3,0.3,0.55,0,109.82,109.52,115.32,1
2018,077ef916-29a3-34cf-9c4f-8244147d97ec,3,13,True,0.0,1.1,2.25,0,91.52,90.42,,1
2018,077ef916-29a3-34cf-9c4f-8244147d97ec,3,14,True,18.5,2.7,2.38,1,115.84,113.14,,1
2018,077ef916-29a3-34cf-9c4f-8244147d97ec,3,15,True,16.3,10.0,18.06,0,95.86,85.86,,1
2018,077ef916-29a3-34cf-9c4f-8244147d97ec,3,16,True,0.5,5.57,10.24,1,97.8,92.23,,1
2018,077ef916-29a3-34cf-9c4f-8244147d97ec,8,1,True,-4.8,-4.8,-9.67,0,99.84,104.64,119.86,1
2018,077ef916-29a3-34cf-9c4f-8244147d97ec,8,2,True,12.5,23.2,30.38,0,122.68,99.48,94.38,1
2018,077ef916-29a3-34cf-9c4f-8244147d97ec,8,3,True,5.2,-3.8,-7.48,0,92.0,95.8,91.52,1
2018,077ef916-29a3-34cf-9c4f-8244147d97ec,8,4,True,-3.5,-3.5,-4.38,0,128.56,132.06,114.48,1
2018,077ef916-29a3-34cf-9c4f-8244147d97ec,8,5,True,4.7,5.0,3.53,0,74.8,69.8,97.8,1
2018,077ef916-29a3-34cf-9c4f-8244147d97ec,8,6,True,-8.4,-11.8,-5.89,0,67.2,79.0,94.88,1
2018,077ef916-29a3-34cf-9c4f-8244147d97ec,8,7,True,2.5,3.3,5.42,0,113.06,109.76,96.66,1
2018,077ef916-29a3-34cf-9c4f-8244147d97ec,8,8,True,14.9,12.2,24.43,0,108.94,96.74,152.8,1
2018,077ef916-29a3-34cf-9c4f-8244147d97ec,8,9,False,-7.66,0.0,0.0,0,119.1,119.1,80.24,1
2018,077ef916-29a3-34cf-9c4f-8244147d97ec,8,10,False,-16.9,0.0,0.0,0,78.4,78.4,119.54,1
2018,077ef916-29a3-34cf-9c4f-8244147d97ec,8,11,False,-18.0,0.0,0.0,0,64.04,64.04,87.26,1
2018,077ef916-29a3-34cf-9c4f-8244147d97ec,8,12,True,-2.1,-12.8,-7.95,0,68.68,81.48,99.88,1
2018,077ef916-29a3-34cf-9c4f-8244147d97ec,8,13,True,1.5,-1.1,-0.75,0,64.54,65.64,,1
2018,139bb7d0-650d-3cd4-bfde-98c32d9e512e,3,9,False,-11.24,0.0,0.0,0,123.16,123.16,68.18,1
2018,139bb7d0-650d-3cd4-bfde-98c32d9e512e,3,10,True,14.4,0.0,0.0,0,99.66,99.66,142.82,1
2018,139bb7d0-650d-3cd4-bfde-98c32d9e512e,3,11,True,18.96,4.4,8.67,0,100.48,96.08,122.02,1
2018,139bb7d0-650d-3cd4-bfde-98c32d9e512e,3,12,True,24.4,21.3,41.28,0,109.82,88.52,115.32,1
2018,139bb7d0-650d-3cd4-bfde-98c32d9e512e,3,13,True,5.9,-0.3,-0.61,0,91.52,91.82,,1
2018,139bb7d0-650d-3cd4-bfde-98c32d9e512e,3,14,True,18.6,-6.2,-3.98,0,115.84,122.04,,1
2018,139bb7d0-650d-3cd4-bfde-98c32d9e512e,3,15,True,7.5,-2.8,-4.13,0,95.86,98.66,,1
2018,139bb7d0-650d-3cd4-bfde-98c32d9e512e,3,16,True,10.8,10.5,17.98,0,97.8,87.3,,1
2018,139bb7d0-650d-3cd4-bfde-98c32d9e512e,9,9,True,7.11,1.79,3.57,0,105.52,103.73,86.54,1
2018,139bb7d0-650d-3cd4-bfde-98c32d9e512e,9,10,True,-13.96,-6.34,-8.89,0,119.54,125.88,78.4,1
2018,139bb7d0-650d-3cd4-bfde-98c32d9e512e,9,11,True,-5.66,27.04,50.64,0,117.82,90.78,130.02,1
2018,139bb7d0-650d-3cd4-bfde-98c32d9e512e,9,12,False,-9.6,0.0,0.0,0,115.32,115.32,109.82,1
2018,139bb7d0-650d-3cd4-bfde-98c32d9e512e,9,13,True,1.2,-4.88,-7.46,0,102.28,107.16,,1
2018,139bb7d0-650d-3cd4-bfde-98c32d9e512e,9,14,True,-13.2,0.6,1.06,-1,101.5,100.9,,1
2018,139bb7d0-650d-3cd4-bfde-98c32d9e512e,9,15,True,0.7,5.32,8.37,0,72.66,67.34,,1
2018,139bb7d0-650d-3cd4-bfde-98c32d9e512e,9,16,True,-11.3,-20.8,-38.52,0,99.84,120.64,,1
2018,1b973f73-05dd-3596-96d2-e7f5f716c673,3,9,True,-13.28,-6.04,-4.5,0,123.16,129.2,68.18,1
2018,1b973f73-05dd-3596-96d2-e7f5f716c673,3,10,True,-20.64,-17.76,-35.05,0,99.66,117.42,142.82,1
2018,1b973f73-05dd-3596-96d2-e7f5f716c673,3,11,True,0.92,0.92,1.85,0,100.48,99.56,122.02,1
2018,1b973f73-05dd-3596-96d2-e7f5f716c673,3,12,True,-13.9,-8.36,-13.61,-1,109.82,118.18,115.32,1
2018,1b973f73-05dd-3596-96d2-e7f5f716c673,3,13,True,-5.2,-1.92,-3.91,0,91.52,93.44,,1
2018,1b973f73-05dd-3596-96d2-e7f5f716c673,3,14,True,-9.84,0.96,0.8,0,115.84,114.88,,1
2018,1b973f73-05dd-3596-96d2-e7f5f716c673,3,15,True,2.56,0.0,0.0,0,95.86,95.86,,1
2018,1b973f73-05dd-3596-96d2-e7f5f716c673,3,16,True,9.08,0.0,0.0,0,97.8,97.8,,1
2018,1b973f73-05dd-3596-96d2-e7f5f716c673,6,9,True,7.48,2.58,3.57,0,86.54,83.96,105.52,1
2018,1b973f73-05dd-3596-96d2-e7f5f716c673,6,10,True,26.4,18.44,5.28,0,79.66,61.22,114.36,1
2018,1b973f73-05dd-3596-96d2-e7f5f716c673,6,11,True,-4.6,-16.2,-1.61,0,51.5,67.7,139.58,1
2018,1b973f73-05dd-3596-96d2-e7f5f716c673,6,12,True,29.4,18.8,31.41,0,99.88,81.08,68.68,1
2018,1b973f73-05dd-3596-96d2-e7f5f716c673,6,13,True,14.4,14.4,3.28,0,60.14,45.74,,1
2018,1b973f73-05dd-3596-96d2-e7f5f716c673,6,14,True,22.38,26.4,21.75,0,79.22,52.82,,1
2018,1b973f73-05dd-3596-96d2-e7f5f716c673,6,15,True,12.6,16.5,18.13,0,70.68,54.18,,1
2018,1b973f73-05dd-3596-96d2-e7f5f716c673,6,16,True,-6.46,14.2,22.77,0,97.74,83.54,,1
2018,2088f976-0faa-31ff-af20-d1cc28bdf036,2,7,True,-7.2,10.5,15.39,0,118.92,108.42,101.0,1
2018,2088f976-0faa-31ff-af20-d1cc28bdf036,2,8,True,-6.1,-6.1,-10.89,0,90.12,96.22,97.06,1
2018,2088f976-0faa-31ff-af20-d1cc28bdf036,2,9,True,14.0,14.0,25.26,0,115.3,101.3,74.82,1
2018,2088f976-0faa-31ff-af20-d1cc28bdf036,2,10,True,0.6,5.9,12.0,0,110.06,104.16,93.9,1
2018,2088f976-0faa-31ff-af20-d1cc28bdf036,2,11,False,-1.2,0.0,0.0,0,122.02,122.02,100.48,1
2018,2088f976-0faa-31ff-af20-d1cc28bdf036,2,12,True,0.0,0.0,0.0,0,111.44,111.44,119.5,1
2018,2088f976-0faa-31ff-af20-d1cc28bdf036,2,13,True,1.5,0.0,0.0,0,89.96,89.96,,1
2018,2088f976-0faa-31ff-af20-d1cc28bdf036,2,14,True,-11.5,-11.5,-23.15,-1,86.68,98.18,,1
2018,2088f976-0faa-31ff-af20-d1cc28bdf036,2,15,True,-1.3,-1.8,-2.83,0,94.82,96.62,,1
2018,2088f976-0faa-31ff-af20-d1cc28bdf036,8,7,True,5.7,15.9,29.94,0,113.06,97.16,96.66,1
2018,2088f976-0faa-31ff-af20-d1cc28bdf036,8,8,True,7.2,11.7,23.43,0,108.94,97.24,152.8,1
2018,2088f976-0faa-31ff-af20-d1cc28bdf036,8,9,True,-9.1,6.3,8.76,0,119.1,112.8,80.24,1
2018,2088f976-0faa-31ff-af20-d1cc28bdf036,8,10,True,-5.6,-5.9,-4.02,0,78.4,84.3,119.54,1
2018,2088f976-0faa-31ff-af20-d1cc28bdf036,8,11,True,5.1,7.3,0.85,0,64.04,56.74,87.26,1
2018,2088f976-0faa-31ff-af20-d1cc28bdf036,8,12,True,-3.3,-0.7,-0.25,0,68.68,69.38,99.88,1
2018,2088f976-0faa-31ff-af20-d1cc28bdf036,8,13,False,-1.5,0.0,0.0,0,64.54,64.54,,1
2018,2088f976-0faa-31ff-af20-d1cc28bdf036,8,14,True,11.5,0.0,0.0,0,107.18,107.18,,1
2018,2088f976-0faa-31ff-af20-d1cc28bdf036,8,15,True,14.8,0.4,0.7,0,73.14,72.74,,1
2018,2088f976-0faa-31ff-af20-d1cc28bdf036,8,16,True,0.82,3.22,0.97,0,70.28,67.06,,1
2018,27936ecb-68cd-347b-b006-9564d9715d03,8,1,True,1.0,1.0,2.04,0,99.84,98.84,119.86,1
2018,27936ecb-68cd-347b-b006-9564d9715d03,8,2,True,8.0,8.0,6.85,0,122.68,114.68,94.38,1
2018,27936ecb-68cd-347b-b006-9564d9715d03,8,3,True,9.0,9.0,18.19,1,92.0,83.0,91.52,1
2018,27936ecb-68cd-347b-b006-9564d9715d03,8,4,True,0.0,0.0,0.0,0,128.56,128.56,114.48,1
2018,27936ecb-68cd-347b-b006-9564d9715d03,8,5,True,1.0,1.0,0.81,0,74.8,73.8,97.8,1
2018,27936ecb-68cd-347b-b006-9564d9715d03,10,1,True,-1.0,-1.0,-1.76,0,108.58,109.58,108.24,1
2018,27936ecb-68cd-347b-b006-9564d9715d03,10,2,True,-8.0,-8.0,-14.51,-1,83.86,91.86,89.7,1
2018,29bd625d-fc23-38bd-ab5d-0f71a647523d,3,4,True,-5.4,14.1,20.14,0,104.36,90.26,140.1,1
2018,29bd625d-fc23-38bd-ab5d-0f71a647523d,3,5,True,15.6,16.6,29.53,0,114.1,97.5,97.1,1
2018,29bd625d-fc23-38bd-ab5d-0f71a647523d,3,6,True,12.4,18.3,34.21,1,116.46,98.16,106.26,1
2018,29bd625d-fc23-38bd-ab5d-0f71a647523d,3,7,True,12.9,7.4,14.23,0,97.48,90.08,114.18,1
2018,29bd625d-fc23-38bd-ab5d-0f71a647523d,3,8,True,27.5,12.93,1.08,0,152.8,139.87,108.94,1
2018,29bd625d-fc23-38bd-ab5d-0f71a647523d,3,9,True,-3.1,-3.1,-2.56,0,123.16,126.26,68.18,1
2018,29bd625d-fc23-38bd-ab5d-0f71a647523d,3,10,False,1.9,0.0,0.0,0,99.66,99.66,142.82,1
2018,29bd625d-fc23-38bd-ab5d-0f71a647523d,3,11,True,0.0,-18.9,-35.24,0,100.48,119.38,122.02,1
2018,29bd625d-fc23-38bd-ab5d-0f71a647523d,3,12,True,-11.5,6.0,11.67,0,109.82,103.82,115.32,1
2018,29bd625d-fc23-38bd-ab5d-0f71a647523d,3,13,True,3.2,3.2,6.52,0,91.52,88.32,,1
2018,29bd625d-fc23-38bd-ab5d-0f71a647523d,3,14,True,-31.9,-12.1,-6.23,0,115.84,127.94,,1
2018,29bd625d-fc23-38bd-ab5d-0f71a647523d,3,15,True,6.3,-2.4,-3.57,0,95.86,98.26,,1
2018,29bd625d-fc23-38bd-ab5d-0f71a647523d,3,16,True,0.0,6.3,11.47,0,97.8,91.5,,1
2018,29bd625d-fc23-38bd-ab5d-0f71a647523d,8,4,True,-0.2,12.4,21.14,0,128.56,116.16,114.48,1
2018,29bd625d-fc23-38bd-ab5d-0f71a647523d,8,5,True,-6.6,-1.3,-1.14,0,74.8,76.1,97.8,1
2018,29bd625d-fc23-38bd-ab5d-0f71a647523d,8,6,True,-10.7,-0.18,-0.05,0,67.2,67.38,94.88,1
2018,29bd625d-fc23-38bd-ab5d-0f71a647523d,8,7,False,-11.3,0.0,0.0,0,113.06,113.06,96.66,1
2018,29bd625d-fc23-38bd-ab5d-0f71a647523d,8,8,True,-9.2,0.0,0.0,0,108.94,108.94,152.8,1
2018,29bd625d-fc23-38bd-ab5d-0f71a647523d,8,9,False,1.74,0.0,0.0,0,119.1,119.1,80.24,1
2018,29bd625d-fc23-38bd-ab5d-0f71a647523d,8,10,True,-18.2,-4.55,-2.94,0,78.4,82.95,119.54,1
2018,29bd625d-fc23-38bd-ab5d-0f71a647523d,8,11,True,-7.3,0.0,0.0,0,64.04,64.04,87.26,1
2018,671a4d23-7193-3896-9b6c-cd5d8629b806,1,9,True,-3.7,-3.0,-2.84,0,121.32,124.32,114.46,1
2018,671a4d23-7193-3896-9b6c-cd5d8629b806,1,10,False,0.0,0.0,0.0,0,135.0,135.0,98.24,1
2018,671a4d23-7193-3896-9b6c-cd5d8629b806,1,11,True,-14.1,2.3,1.01,0,73.22,70.92,144.5,1
2018,671a4d23-7193-3896-9b6c-cd5d8629b806,1,12,True,6.0,10.9,17.01,1,119.5,108.6,111.44,1
2018,671a4d23-7193-3896-9b6c-cd5d8629b806,1,13,True,-20.0,-6.0,-6.9,0,69.56,75.56,,1
2018,671a4d23-7193-3896-9b6c-cd5d8629b806,4,9,True,4.9,0.0,0.0,0,68.18,68.18,123.16,1
2018,671a4d23-7193-3896-9b6c-cd5d8629b806,4,10,False,0.0,0.0,0.0,0,98.24,98.24,135.0,1
2018,671a4d23-7193-3896-9b6c-cd5d8629b806,4,11,True,22.6,18.54,11.06,0,139.58,121.04,51.5,1
2018,671a4d23-7193-3896-9b6c-cd5d8629b806,4,12,True,2.4,11.0,21.8,0,103.52,92.52,72.96,1
2018,671a4d23-7193-3896-9b6c-cd5d8629b806,4,13,True,17.6,17.5,33.43,0,103.72,86.22,,1
2018,671a4d23-7193-3896-9b6c-cd5d8629b806,4,14,True,7.6,-2.8,-5.41,0,84.76,87.56,,1
2018,671a4d23-7193-3896-9b6c-cd5d8629b806,4,15,True,1.0,1.0,1.22,0,65.48,64.48,,1
2018,671a4d23-7193-3896-9b6c-cd5d8629b806,4,16,True,5.6,0.3,0.36,0,85.48,85.18,,1
2018,7fdef8ff-1db3-31ed-931e-1cbde73794d7,2,13,True,0.7,4.1,8.24,0,89.96,85.86,,1
2018,7fdef8ff-1db3-31ed-931e-1cbde73794d7,2,14,True,-30.8,6.3,11.57,0,86.68,80.38,,1
2018,7fdef8ff-1db3-31ed-931e-1cbde73794d7,2,15,True,16.8,6.7,12.01,0,94.82,88.12,,1
2018,7fdef8ff-1db3-31ed-931e-1cbde73794d7,2,16,True,19.9,19.9,35.42,0,104.22,84.32,,1
2018,7fdef8ff-1db3-31ed-931e-1cbde73794d7,8,13,True,-4.1,-7.8,-6.77,0,64.54,72.34,,1
2018,7fdef8ff-1db3-31ed-931e-1cbde73794d7,8,14,True,31.6,40.6,69.48,1,107.18,66.58,,1
2018,7fdef8ff-1db3-31ed-931e-1cbde73794d7,8,15,True,-12.1,-5.8,-10.86,0,73.14,78.94,,1
2018,7fdef8ff-1db3-31ed-931e-1cbde73794d7,8,16,True,-14.68,-18.1,-14.07,0,70.28,88.38,,1
2018,996695f9-c739-358d-99b9-efb7567c3b37,4,6,True,3.3,3.3,6.46,0,98.74,95.44,99.7,1
2018,996695f9-c739-358d-99b9-efb7567c3b37,4,7,True,-1.2,-8.5,-17.22,0,96.66,105.16,113.06,1
2018,996695f9-c739-358d-99b9-efb7567c3b37,4,8,True,3.7,-2.1,-3.08,0,86.66,88.76,68.34,1
2018,996695f9-c739-358d-99b9-efb7567c3b37,4,9,True,0.4,-4.5,-2.02,0,68.18,72.68,123.16,1
2018,996695f9-c739-358d-99b9-efb7567c3b37,4,10,True,9.3,9.3,14.32,0,98.24,88.94,135.0,1
2018,996695f9-c739-358d-99b9-efb7567c3b37,4,11,True,3.0,4.1,1.2,0,139.58,135.48,51.5,1
2018,996695f9-c739-358d-99b9-efb7567c3b37,4,12,True,0.0,3.0,6.12,0,103.52,100.52,72.96,1
2018,996695f9-c739-358d-99b9-efb7567c3b37,4,13,True,-3.1,-8.8,-11.51,0,103.72,112.52,,1
2018,996695f9-c739-358d-99b9-efb7567c3b37,4,14,True,-2.5,-5.6,-11.03,0,84.76,90.36,,1
2018,996695f9-c739-358d-99b9-efb7567c3b37,4,15,True,5.3,5.3,5.73,0,65.48,60.18,,1
2018,996695f9-c739-358d-99b9-efb7567c3b37,4,16,True,-16.6,-16.6,-27.98,0,85.48,102.08,,1
2018,996695f9-c739-358d-99b9-efb7567c3b37,9,6,True,0.2,6.9,2.93,0,136.7,129.8,85.28,1
2018,996695f9-c739-358d-99b9-efb7567c3b37,9,7,True,12.2,3.4,6.93,0,101.0,97.6,118.92,1
2018,996695f9-c739-358d-99b9-efb7567c3b37,9,8,True,4.9,3.2,0.91,0,68.34,65.14,86.66,1
2018,996695f9-c739-358d-99b9-efb7567c3b37,9,9,True,3.59,2.1,4.19,0,105.52,103.42,86.54,1
2018,996695f9-c739-358d-99b9-efb7567c3b37,9,10,True,-3.7,8.7,15.73,0,119.54,110.84,78.4,1
2018,996695f9-c739-358d-99b9-efb7567c3b37,9,11,True,-4.1,6.1,9.84,0,117.82,111.72,130.02,1
2018,996695f9-c739-358d-99b9-efb7567c3b37,9,12,False,20.22,0.0,0.0,0,115.32,115.32,109.82,1
2018,996695f9-c739-358d-99b9-efb7567c3b37,9,13,True,4.1,8.8,16.41,0,102.28,93.48,,1
2018,996695f9-c739-358d-99b9-efb7567c3b37,9,14,True,8.2,5.6,10.5,0,101.5,95.9,,1
2018,996695f9-c739-358d-99b9-efb7567c3b37,9,15,True,-0.9,-5.3,-9.76,0,72.66,77.96,,1
2018,996695f9-c739-358d-99b9-efb7567c3b37,9,16,True,16.6,16.6,27.46,0,99.84,83.24,,1
2019,096fcaf9-9bf2-4d5a-8aa9-48a88b2cc49a,2,4,True,5.2,9.7,19.58,0,95.6,85.9,74.22,1
2019,096fcaf9-9bf2-4d5a-8aa9-48a88b2cc49a,2,5,True,-15.98,-4.9,-1.96,0,73.48,78.38,104.32,1
2019,096fcaf9-9bf2-4d5a-8aa9-48a88b2cc49a,2,6,True,-10.0,0.0,0.0,0,90.2,90.2,94.6,1
2019,096fcaf9-9bf2-4d5a-8aa9-48a88b2cc49a,2,7,True,33.1,0.0,0.0,0,105.56,105.56,91.16,1
2019,096fcaf9-9bf2-4d5a-8aa9-48a88b2cc49a,2,8,True,-14.8,-6.8,-5.05,0,124.18,130.98,96.36,1
2019,096fcaf9-9bf2-4d5a-8aa9-48a88b2cc49a,2,9,True,-1.5,0.0,0.0,0,98.9,98.9,72.34,1
2019,096fcaf9-9bf2-4d5a-8aa9-48a88b2cc49a,2,10,True,-5.3,-5.3,-9.97,0,86.76,92.06,82.98,1
2019,096fcaf9-9bf2-4d5a-8aa9-48a88b2cc49a,2,11,True,10.1,0.0,0.0,0,114.98,114.98,106.98,1
2019,096fcaf9-9bf2-4d5a-8aa9-48a88b2cc49a,2,12,False,7.9,0.0,0.0,0,65.04,65.04,118.34,1
2019,096fcaf9-9bf2-4d5a-8aa9-48a88b2cc49a,2,13,True,-11.4,0.0,0.0,0,83.26,83.26,,1
2019,096fcaf9-9bf2-4d5a-8aa9-48a88b2cc49a,2,14,True,16.8,18.2,33.64,1,112.9,94.7,,1
2019,096fcaf9-9bf2-4d5a-8aa9-48a88b2cc49a,2,15,True,-17.2,-17.6,-29.28,0,87.04,104.64,,1
2019,096fcaf9-9bf2-4d5a-8aa9-48a88b2cc49a,2,16,True,-0.3,0.9,1.87,0,92.88,91.98,,1
2019,096fcaf9-9bf2-4d5a-8aa9-48a88b2cc49a,8,4,True,3.4,13.5,24.71,0,92.6,79.1,78.3,1
2019,096fcaf9-9bf2-4d5a-8aa9-48a88b2cc49a,8,5,True,7.4,-10.7,-6.05,0,130.32,141.02,79.26,1
2019,096fcaf9-9bf2-4d5a-8aa9-48a88b2cc49a,8,6,True,14.0,13.5,25.51,1,94.6,81.1,90.2,1
2019,096fcaf9-9bf2-4d5a-8aa9-48a88b2cc49a,8,7,True,-30.8,-16.7,-20.51,0,59.84,76.54,82.86,1
2019,096fcaf9-9bf2-4d5a-8aa9-48a88b2cc49a,8,8,True,7.1,30.5,56.7,1,113.18,82.68,97.6,1
2019,096fcaf9-9bf2-4d5a-8aa9-48a88b2cc49a,8,9,True,2.0,2.0,0.67,0,136.82,134.82,119.74,1
2019,096fcaf9-9bf2-4d5a-8aa9-48a88b2cc49a,8,10,True,5.3,0.3,0.62,0,97.88,97.58,82.62,1
2019,096fcaf9-9bf2-4d5a-8aa9-48a88b2cc49a,8,11,True,-11.1,2.14,0.75,0,57.52,55.38,85.98,1
2019,096fcaf9-9bf2-4d5a-8aa9-48a88b2cc49a,8,12,True,-5.8,-22.7,-40.68,0,90.6,113.3,89.42,1
2019,096fcaf9-9bf2-4d5a-8aa9-48a88b2cc49a,8,13,True,11.2,12.2,24.25,0,87.3,75.1,,1
2019,096fcaf9-9bf2-4d5a-8aa9-48a88b2cc49a,8,14,True,-16.0,-15.5,-16.93,0,110.2,125.7,,1
2019,096fcaf9-9bf2-4d5a-8aa9-48a88b2cc49a,8,15,True,19.1,18.1,31.7,0,123.44,105.34,,1
2019,096fcaf9-9bf2-4d5a-8aa9-48a88b2cc49a,8,16,True,-1.4,-0.9,-0.21,0,57.46,58.36,,1
2019,15de401b-f67f-4a6e-ad53-e4f64d76e68b,3,9,True,-0.7,0.2,0.41,0,107.02,106.82,100.48,1
2019,15de401b-f67f-4a6e-ad53-e4f64d76e68b,3,10,True,3.6,3.6,0.28,0,142.72,139.12,61.12,1
2019,15de401b-f67f-4a6e-ad53-e4f64d76e68b,3,11,False,-8.2,0.0,0.0,0,106.98,106.98,114.98,1
2019,15de401b-f67f-4a6e-ad53-e4f64d76e68b,3,12,True,8.7,0.0,0.0,0,138.26,138.26,91.44,1
2019,15de401b-f67f-4a6e-ad53-e4f64d76e68b,3,13,True,16.1,17.6,29.35,0,104.9,87.3,,1
2019,15de401b-f67f-4a6e-ad53-e4f64d76e68b,3,14,True,-1.0,1.2,1.31,0,78.4,77.2,,1
2019,15de401b-f67f-4a6e-ad53-e4f64d76e68b,3,15,True,4.2,-9.1,-11.11,0,119.68,128.78,,1
2019,15de401b-f67f-4a6e-ad53-e4f64d76e68b,3,16,True,-4.2,1.4,1.03,0,119.42,118.02,,1
2019,15de401b-f67f-4a6e-ad53-e4f64d76e68b,7,9,True,4.1,5.9,8.74,0,119.74,113.84,136.82,1
2019,15de401b-f67f-4a6e-ad53-e4f64d76e68b,7,10,True,-3.5,3.4,4.76,0,82.98,79.58,86.76,1
2019,15de401b-f67f-4a6e-ad53-e4f64d76e68b,7,11,True,16.3,12.5,10.34,1,118.44,105.94,113.04,1
2019,15de401b-f67f-4a6e-ad53-e4f64d76e68b,7,12,True,-10.5,-2.8,-4.39,0,78.7,81.5,86.7,1
2019,15de401b-f67f-4a6e-ad53-e4f64d76e68b,7,13,False,-5.8,0.0,0.0,0,82.56,82.56,,1
2019,15de401b-f67f-4a6e-ad53-e4f64d76e68b,7,14,True,4.1,0.0,0.0,0,79.94,79.94,,1
2019,15de401b-f67f-4a6e-ad53-e4f64d76e68b,7,15,True,-0.8,-8.4,-16.64,0,97.16,105.56,,1
2019,15de401b-f67f-4a6e-ad53-e4f64d76e68b,7,16,True,6.0,6.0,0.24,0,145.18,139.18,,1
2019,19c5e903-010c-4d2a-8fbf-f7731624e71e,2,3,False,0.0,0.0,0.0,0,131.02,131.02,95.6,1
2019,19c5e903-010c-4d2a-8fbf-f7731624e71e,2,4,False,0.0,0.0,0.0,0,95.6,95.6,74.22,1
2019,19c5e903-010c-4d2a-8fbf-f7731624e71e,2,5,True,10.0,0.0,0.0,0,73.48,73.48,104.32,1
2019,19c5e903-010c-4d2a-8fbf-f7731624e71e,2,6,True,-8.7,2.0,3.91,0,90.2,88.2,94.6,1
2019,19c5e903-010c-4d2a-8fbf-f7731624e71e,2,7,True,-0.5,2.8,3.14,0,105.56,102.76,91.16,1
2019,19c5e903-010c-4d2a-8fbf-f7731624e71e,2,8,False,-2.1,0.0,0.0,0,124.18,124.18,96.36,1
2019,19c5e903-010c-4d2a-8fbf-f7731624e71e,2,9,True,-3.7,0.0,0.0,0,98.9,98.9,72.34,1
2019,19c5e903-010c-4d2a-8fbf-f7731624e71e,2,10,True,9.6,0.0,0.0,0,86.76,86.76,82.98,1
2019,19c5e903-010c-4d2a-8fbf-f7731624e71e,6,3,True,0.0,0.0,0.0,0,145.24,145.24,80.48,1
2019,19c5e903-010c-4d2a-8fbf-f7731624e71e,6,4,True,0.0,2.8,3.45,0,78.3,75.5,92.6,1
2019,19c5e903-010c-4d2a-8fbf-f7731624e71e,6,5,True,-12.9,0.0,0.0,0,123.94,123.94,86.64,1
2019,19c5e903-010c-4d2a-8fbf-f7731624e71e,6,6,True,6.9,8.8,14.17,0,111.6,102.8,99.16,1
2019,19c5e903-010c-4d2a-8fbf-f7731624e71e,6,7,True,6.1,3.27,2.5,0,62.12,58.85,116.02,1
2019,19c5e903-010c-4d2a-8fbf-f7731624e71e,6,8,True,0.5,0.0,0.0,0,96.36,96.36,124.18,1
2019,19c5e903-010c-4d2a-8fbf-f7731624e71e,6,9,True,4.3,12.4,23.41,0,101.44,89.04,119.4,1
2019,19c5e903-010c-4d2a-8fbf-f7731624e71e,6,10,False,-10.0,0.0,0.0,0,75.92,75.92,95.34,1
2019,19c5e903-010c-4d2a-8fbf-f7731624e71e,6,11,True,-7.9,0.0,0.0,0,69.66,69.66,77.76,1
2019,19c5e903-010c-4d2a-8fbf-f7731624e71e,6,12,True,-0.6,0.0,0.0,0,89.42,89.42,90.6,1
2019,19c5e903-010c-4d2a-8fbf-f7731624e71e,6,13,True,8.0,0.0,0.0,0,89.36,89.36,,1
2019,19c5e903-010c-4d2a-8fbf-f7731624e71e,6,14,True,2.7,0.0,0.0,0,103.28,103.28,,1
2019,19c5e903-010c-4d2a-8fbf-f7731624e71e,6,15,True,3.7,14.5,29.44,0,113.32,98.82,,1
2019,19c5e903-010c-4d2a-8fbf-f7731624e71e,6,16,True,1.7,2.9,0.99,0,62.36,59.46,,1
2019,285032b7-09b0-402e-acb7-103f2374df02,1,7,True,5.7,6.7,3.8,0,116.02,109.32,62.12,1
2019,285032b7-09b0-402e-acb7-103f2374df02,1,8,True,38.92,29.4,55.59,1,114.5,85.1,97.58,1
2019,285032b7-09b0-402e-acb7-103f2374df02,1,9,True,-14.7,2.0,0.33,0,64.9,62.9,107.9,1
2019,285032b7-09b0-402e-acb7-103f2374df02,1,10,True,23.2,18.4,24.54,0,121.28,102.88,121.58,1
2019,285032b7-09b0-402e-acb7-103f2374df02,1,11,False,9.3,0.0,0.0,0,90.02,90.02,57.54,1
2019,285032b7-09b0-402e-acb7-103f2374df02,1,12,True,3.4,0.6,0.43,0,118.34,117.74,65.04,1
2019,285032b7-09b0-402e-acb7-103f2374df02,1,13,True,-1.96,-2.3,-4.78,0,84.6,86.9,,1
2019,285032b7-09b0-402e-acb7-103f2374df02,1,14,True,6.5,19.3,35.63,0,113.28,93.98,,1
2019,285032b7-09b0-402e-acb7-103f2374df02,1,15,True,12.2,12.2,24.62,0,108.48,96.28,,1
2019,285032b7-09b0-402e-acb7-103f2374df02,1,16,True,10.2,10.8,7.59,0,124.36,113.56,,1
2019,285032b7-09b0-402e-acb7-103f2374df02,10,7,True,-5.7,6.23,12.67,1,91.24,85.01,86.02,1
2019,285032b7-09b0-402e-acb7-103f2374df02,10,8,True,-25.6,-2.3,-3.88,0,90.18,92.48,87.4,1
2019,285032b7-09b0-402e-acb7-103f2374df02,10,9,False,4.9,0.0,0.0,0,107.9,107.9,64.9,1
2019,285032b7-09b0-402e-acb7-103f2374df02,10,10,True,-18.6,-18.4,-34.32,0,95.34,113.74,75.92,1
2019,285032b7-09b0-402e-acb7-103f2374df02,10,11,True,-9.0,-3.1,-6.41,0,85.98,89.08,57.52,1
2019,285032b7-09b0-402e-acb7-103f2374df02,10,12,False,3.5,0.0,0.0,0,86.7,86.7,78.7,1
2019,285032b7-09b0-402e-acb7-103f2374df02,10,13,False,12.4,0.0,0.0,0,90.4,90.4,,1
2019,285032b7-09b0-402e-acb7-103f2374df02,10,14,True,-6.7,-6.5,-2.81,0,125.22,131.72,,1
2019,285032b7-09b0-402e-acb7-103f2374df02,10,15,False,-4.9,0.0,0.0,0,100.8,100.8,,1
2019,285032b7-09b0-402e-acb7-103f2374df02,10,16,True,-5.9,0.0,0.0,0,112.64,112.64,,1
2019,3c9ad99c-6282-4b32-b464-5ef21c72b12d,2,6,True,7.0,-0.3,-0.6,0,90.2,90.5,94.6,1
2019,3c9ad99c-6282-4b32-b464-5ef21c72b12d,2,7,True,8.9,6.1,7.49,0,105.56,99.46,91.16,1
2019,3c9ad99c-6282-4b32-b464-5ef21c72b12d,2,8,True,17.4,12.4,16.58,0,124.18,111.78,96.36,1
2019,3c9ad99c-6282-4b32-b464-5ef21c72b12d,2,9,True,0.5,2.1,4.19,0,98.9,96.8,72.34,1
2019,3c9ad99c-6282-4b32-b464-5ef21c72b12d,2,10,False,-6.3,0.0,0.0,0,86.76,86.76,82.98,1
2019,3c9ad99c-6282-4b32-b464-5ef21c72b12d,2,11,True,6.8,7.6,6.85,0,114.98,107.38,106.98,1
2019,3c9ad99c-6282-4b32-b464-5ef21c72b12d,2,12,True,1.0,-6.9,-5.14,0,65.04,71.94,118.34,1
2019,3c9ad99c-6282-4b32-b464-5ef21c72b12d,2,13,True,15.8,15.8,27.37,0,83.26,67.46,,1
2019,3c9ad99c-6282-4b32-b464-5ef21c72b12d,2,14,True,13.0,16.5,30.1,1,112.9,96.4,,1
2019,3c9ad99c-6282-4b32-b464-5ef21c72b12d,2,15,True,-0.8,-12.2,-18.63,0,87.04,99.24,,1
2019,3c9ad99c-6282-4b32-b464-5ef21c72b12d,2,16,True,7.2,8.6,17.06,0,92.88,84.28,,1
2019,3c9ad99c-6282-4b32-b464-5ef21c72b12d,7,6,True,1.7,5.73,11.24,0,92.22,86.49,105.84,1
2019,3c9ad99c-6282-4b32-b464-5ef21c72b12d,7,7,True,14.8,14.8,22.0,0,105.72,90.92,50.36,1
2019,3c9ad99c-6282-4b32-b464-5ef21c72b12d,7,8,True,-14.1,-0.8,-1.61,0,97.58,98.38,114.5,1
2019,3c9ad99c-6282-4b32-b464-5ef21c72b12d,7,9,True,-1.7,0.0,0.0,0,119.74,119.74,136.82,1
2019,3c9ad99c-6282-4b32-b464-5ef21c72b12d,7,10,False,9.2,0.0,0.0,0,82.98,82.98,86.76,1
2019,3c9ad99c-6282-4b32-b464-5ef21c72b12d,7,11,True,-0.4,-13.6,-3.69,0,118.44,132.04,113.04,1
2019,3c9ad99c-6282-4b32-b464-5ef21c72b12d,7,12,True,-0.7,8.4,10.14,0,78.7,70.3,86.7,1
2019,3c9ad99c-6282-4b32-b464-5ef21c72b12d,7,13,True,-3.3,-1.9,-3.91,0,82.56,84.46,,1
2019,3c9ad99c-6282-4b32-b464-5ef21c72b12d,7,14,True,-6.1,-2.9,-3.88,0,79.94,82.84,,1
2019,3c9ad99c-6282-4b32-b464-5ef21c72b12d,7,15,True,4.8,0.0,0.0,0,97.16,97.16,,1
2019,3c9ad99c-6282-4b32-b464-5ef21c72b12d,7,16,True,0.0,0.0,0.0,0,145.18,145.18,,1
2019,4cbf4871-69df-453d-92da-f350e2e9d228,2,12,True,1.3,-9.3,-7.59,0,65.04,74.34,118.34,1
2019,4cbf4871-69df-453d-92da-f350e2e9d228,2,13,True,-0.5,2.0,4.07,0,83.26,81.26,,1
2019,4cbf4871-69df-453d-92da-f350e2e9d228,2,14,True,-1.5,0.0,0.0,0,112.9,112.9,,1
2019,4cbf4871-69df-453d-92da-f350e2e9d228,2,15,True,0.6,0.0,0.0,0,87.04,87.04,,1
2019,4cbf4871-69df-453d-92da-f350e2e9d228,2,16,True,-9.7,-5.7,-11.77,0,92.88,98.58,,1
2019,4cbf4871-69df-453d-92da-f350e2e9d228,5,12,True,4.5,-1.7,-1.09,0,65.66,67.36,105.28,1
2019,4cbf4871-69df-453d-92da-f350e2e9d228,5,13,True,7.02,6.92,12.12,0,79.14,72.22,,1
2019,4cbf4871-69df-453d-92da-f350e2e9d228,5,14,True,8.9,7.9,2.29,0,66.6,58.7,,1
2019,4cbf4871-69df-453d-92da-f350e2e9d228,5,15,True,3.8,-6.2,-8.37,0,87.12,93.32,,1
2019,4cbf4871-69df-453d-92da-f350e2e9d228,5,16,True,6.8,0.0,0.0,0,52.84,52.84,,1
2019,5bb079bf-c15c-483e-8414-471406a8fb60,3,10,False,-1.0,0.0,0.0,0,142.72,142.72,61.12,1
2019,5bb079bf-c15c-483e-8414-471406a8fb60,3,11,False,-13.0,0.0,0.0,0,106.98,106.98,114.98,1
2019,5bb079bf-c15c-483e-8414-471406a8fb60,3,12,False,-0.4,0.0,0.0,0,138.26,138.26,91.44,1
2019,5bb079bf-c15c-483e-8414-471406a8fb60,3,13,False,0.0,0.0,0.0,0,104.9,104.9,,1
2019,5bb079bf-c15c-483e-8414-471406a8fb60,3,14,False,1.6,0.0,0.0,0,78.4,78.4,,1
2019,5bb079bf-c15c-483e-8414-471406a8fb60,3,15,False,-2.7,0.0,0.0,0,119.68,119.68,,1
2019,5bb079bf-c15c-483e-8414-471406a8fb60,6,10,False,12.9,0.0,0.0,0,75.92,75.92,95.34,1
2019,5bb079bf-c15c-483e-8414-471406a8fb60,6,11,True,14.8,3.9,3.79,0,69.66,65.76,77.76,1
2019,5bb079bf-c15c-483e-8414-471406a8fb60,6,12,True,7.3,-5.7,-11.8,-1,89.42,95.12,90.6,1
2019,5bb079bf-c15c-483e-8414-471406a8fb60,6,13,True,0.0,-11.7,-21.27,0,89.36,101.06,,1
2019,5bb079bf-c15c-483e-8414-471406a8fb60,6,14,True,12.4,5.0,10.16,-1,103.28,98.28,,1
2019,5bb079bf-c15c-483e-8414-471406a8fb60,6,15,True,14.6,7.0,14.07,0,113.32,106.32,,1
2019,5bb079bf-c15c-483e-8414-471406a8fb60,6,16,True,12.5,13.0,2.76,0,62.36,49.36,,1
2019,77cf9f94-9bac-4bdb-82d5-477b914a71bf,2,11,True,-9.86,-5.3,-2.92,0,114.98,120.28,106.98,1
2019,77cf9f94-9bac-4bdb-82d5-477b914a71bf,2,12,True,3.74,-1.0,-0.59,0,65.04,66.04,118.34,1
2019,77cf9f94-9bac-4bdb-82d5-477b914a71bf,2,13,True,6.7,0.0,0.0,0,83.26,83.26,,1
2019,77cf9f94-9bac-4bdb-82d5-477b914a71bf,2,14,True,0.9,5.2,8.1,1,112.9,107.7,,1
2019,77cf9f94-9bac-4bdb-82d5-477b914a71bf,2,15,True,11.6,2.0,2.15,0,87.04,85.04,,1
2019,77cf9f94-9bac-4bdb-82d5-477b914a71bf,2,16,True,-1.9,-18.2,-33.7,0,92.88,111.08,,1
2019,77cf9f94-9bac-4bdb-82d5-477b914a71bf,7,11,True,39.44,14.43,12.79,1,118.44,104.01,113.04,1
2019,77cf9f94-9bac-4bdb-82d5-477b914a71bf,7,12,True,13.1,5.07,6.67,0,78.7,73.63,86.7,1
2019,77cf9f94-9bac-4bdb-82d5-477b914a71bf,7,13,True,-3.5,-3.7,-7.65,0,82.56,86.26,,1
2019,77cf9f94-9bac-4bdb-82d5-477b914a71bf,7,14,True,-0.9,-9.7,-15.02,0,79.94,89.64,,1
2019,77cf9f94-9bac-4bdb-82d5-477b914a71bf,7,15,True,0.0,-6.3,-12.3,0,97.16,103.46,,1
2019,77cf9f94-9bac-4bdb-82d5-477b914a71bf,7,16,True,0.0,-1.9,-0.04,0,145.18,147.08,,1
2019,9239480c-092d-4186-b1c9-9b1a21bcf702,8,6,True,7.2,8.2,16.38,1,94.6,86.4,90.2,1
2019,9239480c-092d-4186-b1c9-9b1a21bcf702,8,7,True,-1.7,0.6,0.42,0,59.84,59.24,82.86,1
2019,9239480c-092d-4186-b1c9-9b1a21bcf702,8,8,True,-6.4,3.2,5.75,0,113.18,109.98,97.6,1
2019,9239480c-092d-4186-b1c9-9b1a21bcf702,8,9,True,7.13,7.13,3.08,0,136.82,129.69,119.74,1
2019,9239480c-092d-4186-b1c9-9b1a21bcf702,8,10,False,0.0,0.0,0.0,0,97.88,97.88,82.62,1
2019,9239480c-092d-4186-b1c9-9b1a21bcf702,8,11,False,-21.2,0.0,0.0,0,57.52,57.52,85.98,1
2019,9239480c-092d-4186-b1c9-9b1a21bcf702,8,12,True,15.2,17.5,29.88,1,90.6,73.1,89.42,1
2019,9239480c-092d-4186-b1c9-9b1a21bcf702,8,13,True,-4.32,-4.32,-8.82,0,87.3,91.62,,1
2019,9239480c-092d-4186-b1c9-9b1a21bcf702,8,14,True,5.51,5.51,9.59,0,110.2,104.69,,1
2019,9239480c-092d-4186-b1c9-9b1a21bcf702,8,15,True,6.78,6.78,9.93,0,123.44,116.66,,1
2019,9239480c-092d-4186-b1c9-9b1a21bcf702,8,16,True,6.07,6.07,0.98,0,57.46,51.39,,1
2019,9239480c-092d-4186-b1c9-9b1a21bcf702,9,6,True,-4.5,-2.6,-5.26,0,98.34,100.94,96.2,1
2019,9239480c-092d-4186-b1c9-9b1a21bcf702,9,7,True,3.5,6.1,12.41,0,91.16,85.06,105.56,1
2019,9239480c-092d-4186-b1c9-9b1a21bcf702,9,8,True,5.3,13.1,25.33,1,102.5,89.4,100.6,1
2019,9239480c-092d-4186-b1c9-9b1a21bcf702,9,9,True,-10.3,-5.0,-5.77,0,119.4,124.4,101.44,1
2019,9239480c-092d-4186-b1c9-9b1a21bcf702,9,10,False,0.0,0.0,0.0,0,82.62,82.62,97.88,1
2019,9239480c-092d-4186-b1c9-9b1a21bcf702,9,11,True,19.7,20.9,30.17,0,113.04,92.14,118.44,1
2019,9239480c-092d-4186-b1c9-9b1a21bcf702,9,12,True,-14.5,-13.3,-26.27,0,91.44,104.74,138.26,1
2019,9239480c-092d-4186-b1c9-9b1a21bcf702,9,13,True,0.0,-17.1,-31.12,0,70.32,87.42,,1
2019,9239480c-092d-4186-b1c9-9b1a21bcf702,9,14,True,-1.1,3.6,7.42,0,96.82,93.22,,1
2019,9239480c-092d-4186-b1c9-9b1a21bcf702,9,15,False,-2.3,0.0,0.0,0,129.52,129.52,,1
2019,9239480c-092d-4186-b1c9-9b1a21bcf702,9,16,True,-3.5,-12.1,-23.8,0,83.5,95.6,,1
2019,b3146e0f-2d49-478c-afa3-652a6a906cfd,7,3,True,4.74,4.74,2.66,0,82.02,77.28,122.66,1
2019,b3146e0f-2d49-478c-afa3-652a6a906cfd,7,4,True,18.78,6.04,12.26,1,93.88,87.84,91.2,1
2019,b3146e0f-2d49-478c-afa3-652a6a906cfd,7,5,True,1.56,0.0,0.0,0,86.64,86.64,123.94,1
2019,b3146e0f-2d49-478c-afa3-652a6a906cfd,7,6,True,0.02,-14.82,-29.51,-1,92.22,107.04,105.84,1
2019,b3146e0f-2d49-478c-afa3-652a6a906cfd,7,7,True,0.0,-2.62,-2.45,0,105.72,108.34,50.36,1
2019,b3146e0f-2d49-478c-afa3-652a6a906cfd,7,8,True,0.0,0.0,0.0,0,97.58,97.58,114.5,1
2019,b3146e0f-2d49-478c-afa3-652a6a906cfd,7,9,False,0.0,0.0,0.0,0,119.74,119.74,136.82,1
2019,b3146e0f-2d49-478c-afa3-652a6a906cfd,8,3,True,0.0,0.0,0.0,0,118.34,118.34,97.06,1
2019,b3146e0f-2d49-478c-afa3-652a6a906cfd,8,4,True,-6.38,0.0,0.0,0,92.6,92.6,78.3,1
2019,b3146e0f-2d49-478c-afa3-652a6a906cfd,8,5,True,0.0,0.0,0.0,0,130.32,130.32,79.26,1
2019,b3146e0f-2d49-478c-afa3-652a6a906cfd,8,6,True,0.0,0.0,0.0,0,94.6,94.6,90.2,1
2019,b3146e0f-2d49-478c-afa3-652a6a906cfd,8,7,False,-10.68,0.0,0.0,0,59.84,59.84,82.86,1
2019,b3146e0f-2d49-478c-afa3-652a6a906cfd,8,8,True,-7.2,0.0,0.0,0,113.18,113.18,97.6,1
2019,b3146e0f-2d49-478c-afa3-652a6a906cfd,8,9,True,0.0,0.0,0.0,0,136.82,136.82,119.74,1
2019,b54c2954-b28d-4396-860f-e9d5056d68b1,3,8,True,18.8,0.0,0.0,0,97.6,97.6,113.18,1
2019,b54c2954-b28d-4396-860f-e9d5056d68b1,8,8,False,-19.5,0.0,0.0,0,113.18,113.18,97.6,1
2019,b54c2954-b28d-4396-860f-e9d5056d68b1,8,9,False,0.0,0.0,0.0,0,136.82,136.82,119.74,1
2019,b54c2954-b28d-4396-860f-e9d5056d68b1,8,10,False,-0.3,0.0,0.0,0,97.88,97.88,82.62,1
2019,b54c2954-b28d-4396-860f-e9d5056d68b1,8,11,False,-16.2,0.0,0.0,0,57.52,57.52,85.98,1
2019,c091a361-f6c4-4d7a-989c-7d0a40021668,2,7,True,10.9,-4.2,-3.78,0,105.56,109.76,91.16,1
2019,c091a361-f6c4-4d7a-989c-7d0a40021668,2,8,True,0.0,1.5,1.48,0,124.18,122.68,96.36,1
2019,c091a361-f6c4-4d7a-989c-7d0a40021668,2,9,True,0.7,-1.7,-3.48,0,98.9,100.6,72.34,1
2019,c091a361-f6c4-4d7a-989c-7d0a40021668,2,10,True,3.7,-5.9,-11.16,0,86.76,92.66,82.98,1
2019,c091a361-f6c4-4d7a-989c-7d0a40021668,2,11,True,15.8,12.5,13.22,1,114.98,102.48,106.98,1
2019,c091a361-f6c4-4d7a-989c-7d0a40021668,3,7,True,-6.7,0.0,0.0,0,86.02,86.02,91.24,1
2019,c091a361-f6c4-4d7a-989c-7d0a40021668,3,8,True,0.0,0.0,0.0,0,97.6,97.6,113.18,1
2019,c091a361-f6c4-4d7a-989c-7d0a40021668,3,9,True,-3.5,0.0,0.0,0,107.02,107.02,100.48,1
2019,ee275e29-3eac-4d16-b7aa-e5d5e15d295c,3,3,True,0.0,0.0,0.0,0,80.48,80.48,145.24,1
2019,ee275e29-3eac-4d16-b7aa-e5d5e15d295c,8,3,True,0.0,-0.6,-1.03,0,118.34,118.94,97.06,1
2019,ee275e29-3eac-4d16-b7aa-e5d5e15d295c,8,4,True,5.7,0.0,0.0,0,92.6,92.6,78.3,1
2019,ee275e29-3eac-4d16-b7aa-e5d5e15d295c,8,5,False,0.0,0.0,0.0,0,130.32,130.32,79.26,1
2019,ee275e29-3eac-4d16-b7aa-e5d5e15d295c,8,6,True,-33.2,0.0,0.0,0,94.6,94.6,90.2,1
2019,ee275e29-3eac-4d16-b7aa-e5d5e15d295c,8,7,True,-9.3,0.0,0.0,0,59.84,59.84,82.86,1
2020,0a44aec8-5d5f-4709-9585-bd582f68d7c8,3,7,True,12.5,-6.7,-9.47,0,81.4,88.1,60.5,1
2020,0a44aec8-5d5f-4709-9585-bd582f68d7c8,3,8,True,4.5,1.35,1.05,0,112.42,111.07,73.06,1
2020,0a44aec8-5d5f-4709-9585-bd582f68d7c8,4,7,True,-3.2,-0.2,-0.18,0,75.66,75.86,62.18,1
2020,0a44aec8-5d5f-4709-9585-bd582f68d7c8,4,8,True,6.2,5.3,4.15,1,63.36,58.06,60.74,1
2020,0a44aec8-5d5f-4709-9585-bd582f68d7c8,4,9,True,7.6,-2.5,-1.3,0,59.86,62.36,97.7,1
2020,0a44aec8-5d5f-4709-9585-bd582f68d7c8,4,10,True,-9.2,-1.1,-1.9,0,96.14,97.24,111.2,1
2020,0a44aec8-5d5f-4709-9585-bd582f68d7c8,4,11,False,0.0,0.0,0.0,0,96.44,96.44,88.38,1
2020,0a44aec8-5d5f-4709-9585-bd582f68d7c8,4,12,True,0.0,0.0,0.0,0,102.7,102.7,93.36,1
2020,0a44aec8-5d5f-4709-9585-bd582f68d7c8,4,13,True,-1.6,0.0,0.0,0,67.2,67.2,,1
2020,0a44aec8-5d5f-4709-9585-bd582f68d7c8,4,14,True,0.0,0.0,0.0,0,89.04,89.04,,1
2020,0a44aec8-5d5f-4709-9585-bd582f68d7c8,4,15,True,0.0,0.0,0.0,0,136.9,136.9,,1
2020,0a44aec8-5d5f-4709-9585-bd582f68d7c8,4,16,True,4.82,0.0,0.0,0,125.02,125.02,,1
2020,0af4a832-2c92-4e17-a273-7bb48793df56,3,5,True,-2.0,2.48,4.52,0,95.5,93.02,103.22,1
2020,0af4a832-2c92-4e17-a273-7bb48793df56,3,6,False,5.22,0.0,0.0,0,105.44,105.44,66.78,1
2020,0af4a832-2c92-4e17-a273-7bb48793df56,3,7,True,19.5,12.5,11.52,0,81.4,68.9,60.5,1
2020,0af4a832-2c92-4e17-a273-7bb48793df56,3,8,True,13.0,-3.3,-2.21,0,112.42,115.72,73.06,1
2020,0af4a832-2c92-4e17-a273-7bb48793df56,3,9,True,8.4,4.8,8.78,0,97.7,92.9,59.86,1
2020,0af4a832-2c92-4e17-a273-7bb48793df56,3,10,True,5.2,5.2,6.13,0,109.86,104.66,81.82,1
2020,0af4a832-2c92-4e17-a273-7bb48793df56,3,11,True,24.0,10.4,9.15,0,129.24,118.84,98.08,1
2020,0af4a832-2c92-4e17-a273-7bb48793df56,3,12,True,4.26,-5.2,-9.0,0,108.18,113.38,98.72,1
2020,0af4a832-2c92-4e17-a273-7bb48793df56,3,13,True,0.0,-6.5,-8.13,0,105.86,112.36,,1
2020,0af4a832-2c92-4e17-a273-7bb48793df56,3,14,True,3.8,0.1,0.15,0,114.12,114.02,,1
2020,0af4a832-2c92-4e17-a273-7bb48793df56,3,15,True,0.0,0.0,0.0,0,134.22,134.22,,1
2020,0af4a832-2c92-4e17-a273-7bb48793df56,3,16,False,0.0,0.0,0.0,0,92.12,92.12,,1
2020,0af4a832-2c92-4e17-a273-7bb48793df56,10,5,True,-2.48,-2.48,-4.63,0,98.22,100.7,112.06,1
2020,0af4a832-2c92-4e17-a273-7bb48793df56,10,6,True,15.5,1.4,1.94,0,106.6,105.2,91.44,1
2020,0af4a832-2c92-4e17-a273-7bb48793df56,10,7,True,-12.5,-12.5,-5.69,0,60.5,73.0,81.4,1
2020,1aa2f43a-7a0b-4bd4-bb90-28836e4e037e,2,6,True,-9.3,-8.1,-3.72,0,55.1,63.2,102.88,1
2020,1aa2f43a-7a0b-4bd4-bb90-28836e4e037e,2,7,True,6.7,6.7,0.56,0,149.82,143.12,107.96,1
2020,1aa2f43a-7a0b-4bd4-bb90-28836e4e037e,2,8,True,9.6,12.6,22.59,0,96.54,83.94,99.24,1
2020,1aa2f43a-7a0b-4bd4-bb90-28836e4e037e,2,9,True,12.3,12.3,20.04,0,106.98,94.68,124.06,1
2020,1aa2f43a-7a0b-4bd4-bb90-28836e4e037e,4,6,True,8.1,8.1,14.83,0,91.44,83.34,106.6,1
2020,1aa2f43a-7a0b-4bd4-bb90-28836e4e037e,4,7,True,-6.2,-6.7,-7.27,0,75.66,82.36,62.18,1
2020,1aa2f43a-7a0b-4bd4-bb90-28836e4e037e,4,8,True,-10.9,-10.9,-13.07,0,63.36,74.26,60.74,1
2020,1aa2f43a-7a0b-4bd4-bb90-28836e4e037e,4,9,True,-12.3,-12.3,-9.07,0,59.86,72.16,97.7,1
2020,1aa2f43a-7a0b-4bd4-bb90-28836e4e037e,4,10,True,11.5,13.9,25.5,0,96.14,82.24,111.2,1
2020,1aa2f43a-7a0b-4bd4-bb90-28836e4e037e,4,11,False,-8.0,0.0,0.0,0,96.44,96.44,88.38,1
2020,1aa2f43a-7a0b-4bd4-bb90-28836e4e037e,4,12,True,-30.4,-41.0,-47.97,0,102.7,143.7,93.36,1
2020,1aa2f43a-7a0b-4bd4-bb90-28836e4e037e,4,13,True,3.0,0.4,0.33,0,67.2,66.8,,1
2020,1aa2f43a-7a0b-4bd4-bb90-28836e4e037e,4,14,True,0.9,-4.0,-6.33,0,89.04,93.04,,1
2020,1aa2f43a-7a0b-4bd4-bb90-28836e4e037e,4,15,True,3.3,3.3,1.96,0,136.9,133.6,,1
2020,1aa2f43a-7a0b-4bd4-bb90-28836e4e037e,4,16,True,20.8,26.0,35.76,1,125.02,99.02,,1
2020,20e67949-95a4-433c-8b32-c61d9ce4387d,3,9,True,-0.7,-3.4,-5.89,0,97.7,101.1,59.86,1
2020,20e67949-95a4-433c-8b32-c61d9ce4387d,3,10,True,10.7,12.9,17.68,0,109.86,96.96,81.82,1
2020,20e67949-95a4-433c-8b32-c61d9ce4387d,3,11,True,0.2,3.0,2.09,0,129.24,126.24,98.08,1
2020,20e67949-95a4-433c-8b32-c61d9ce4387d,3,12,True,0.0,0.0,0.0,0,108.18,108.18,98.72,1
2020,20e67949-95a4-433c-8b32-c61d9ce4387d,3,13,True,5.4,0.0,0.0,0,105.86,105.86,,1
2020,20e67949-95a4-433c-8b32-c61d9ce4387d,3,14,True,0.0,-3.4,-4.92,0,114.12,117.52,,1
2020,20e67949-95a4-433c-8b32-c61d9ce4387d,3,15,True,10.3,0.0,0.0,0,134.22,134.22,,1
2020,20e67949-95a4-433c-8b32-c61d9ce4387d,3,16,True,2.8,1.5,2.6,0,92.12,90.62,,1
2020,20e67949-95a4-433c-8b32-c61d9ce4387d,7,9,True,5.3,1.4,2.15,0,80.3,78.9,92.5,1
2020,20e67949-95a4-433c-8b32-c61d9ce4387d,7,10,True,-9.9,4.0,6.9,0,83.28,79.28,95.66,1
2020,20e67949-95a4-433c-8b32-c61d9ce4387d,7,11,True,-0.2,0.0,0.0,0,92.66,92.66,109.26,1
2020,20e67949-95a4-433c-8b32-c61d9ce4387d,7,12,True,0.0,0.0,0.0,0,99.2,99.2,100.62,1
2020,20e67949-95a4-433c-8b32-c61d9ce4387d,7,13,True,-3.7,0.0,0.0,0,85.4,85.4,,1
2020,26c3fd0a-0925-4123-9b6a-f282158cf0a8,2,10,True,-7.6,-7.6,-12.35,0,95.66,103.26,83.28,1
2020,26c3fd0a-0925-4123-9b6a-f282158cf0a8,2,11,True,-0.6,2.8,5.11,0,98.08,95.28,129.24,1
2020,26c3fd0a-0925-4123-9b6a-f282158cf0a8,2,12,True,-34.5,4.9,0.02,0,172.18,167.28,63.94,1
2020,26c3fd0a-0925-4123-9b6a-f282158cf0a8,2,13,True,-3.9,3.5,4.93,0,107.62,104.12,,1
2020,26c3fd0a-0925-4123-9b6a-f282158cf0a8,2,14,True,21.1,33.5,17.51,1,149.52,116.02,,1
2020,26c3fd0a-0925-4123-9b6a-f282158cf0a8,2,15,True,15.3,14.3,18.54,0,129.06,114.76,,1
2020,26c3fd0a-0925-4123-9b6a-f282158cf0a8,2,16,True,1.9,2.9,4.24,0,86.82,83.92,,1
2020,26c3fd0a-0925-4123-9b6a-f282158cf0a8,8,10,True,7.6,7.6,6.22,0,67.76,60.16,75.92,1
2020,26c3fd0a-0925-4123-9b6a-f282158cf0a8,8,11,True,1.9,-1.6,-2.92,0,104.22,105.82,116.5,1
2020,26c3fd0a-0925-4123-9b6a-f282158cf0a8,8,12,True,-4.9,-4.9,-6.9,0,86.48,91.38,105.7,1
2020,26c3fd0a-0925-4123-9b6a-f282158cf0a8,8,13,True,0.0,-3.5,-6.07,0,82.6,86.1,,1
2020,26c3fd0a-0925-4123-9b6a-f282158cf0a8,8,14,False,-29.2,0.0,0.0,0,58.52,58.52,,1
2020,26c3fd0a-0925-4123-9b6a-f282158cf0a8,8,15,False,-15.0,0.0,0.0,0,119.86,119.86,,1
2020,26c3fd0a-0925-4123-9b6a-f282158cf0a8,8,16,True,-2.9,-2.9,-1.97,0,125.0,127.9,,1
2020,2b34c883-1333-4317-a300-2bda4fb07aea,3,9,True,2.0,2.0,3.61,0,97.7,95.7,59.86,1
2020,2b34c883-1333-4317-a300-2bda4fb07aea,3,10,True,-5.0,-5.0,-4.56,0,109.86,114.86,81.82,1
2020,2b34c883-1333-4317-a300-2bda4fb07aea,3,11,True,22.7,13.1,12.44,0,129.24,116.14,98.08,1
2020,2b34c883-1333-4317-a300-2bda4fb07aea,3,12,False,2.3,0.0,0.0,0,108.18,108.18,98.72,1
2020,2b34c883-1333-4317-a300-2bda4fb07aea,3,13,False,3.2,0.0,0.0,0,105.86,105.86,,1
2020,2b34c883-1333-4317-a300-2bda4fb07aea,3,14,True,1.6,1.6,2.5,0,114.12,112.52,,1
2020,2b34c883-1333-4317-a300-2bda4fb07aea,3,15,True,8.0,9.7,8.59,0,134.22,124.52,,1
2020,2b34c883-1333-4317-a300-2bda4fb07aea,3,16,True,-10.2,-10.2,-18.75,0,92.12,102.32,,1
2020,2b34c883-1333-4317-a300-2bda4fb07aea,6,9,True,-0.4,6.3,6.37,0,73.3,67.0,106.54,1
2020,2b34c883-1333-4317-a300-2bda4fb07aea,6,10,True,5.0,-9.9,-17.83,-1,80.02,89.92,89.1,1
2020,2b34c883-1333-4317-a300-2bda4fb07aea,6,11,True,-5.4,-10.8,-18.48,-1,88.38,99.18,96.44,1
2020,2b34c883-1333-4317-a300-2bda4fb07aea,6,12,True,4.2,9.3,17.18,0,105.7,96.4,86.48,1
2020,2b34c883-1333-4317-a300-2bda4fb07aea,6,13,True,-1.8,-13.3,-21.68,0,76.02,89.32,,1
2020,2b34c883-1333-4317-a300-2bda4fb07aea,6,14,True,-1.6,0.0,0.0,0,98.44,98.44,,1
2020,2b34c883-1333-4317-a300-2bda4fb07aea,6,15,True,-2.5,-9.7,-11.95,0,84.44,94.14,,1
2020,2b34c883-1333-4317-a300-2bda4fb07aea,6,16,True,10.2,10.2,18.62,0,106.8,96.6,,1
2020,340f1274-565d-4ff2-997e-ff93a2018b86,8,8,True,-10.0,-10.0,-16.71,0,73.06,83.06,112.42,1
2020,340f1274-565d-4ff2-997e-ff93a2018b86,8,9,True,-3.0,-3.0,-5.57,0,92.5,95.5,80.3,1
2020,340f1274-565d-4ff2-997e-ff93a2018b86,8,10,True,1.0,1.0,0.98,0,67.76,66.76,75.92,1
2020,340f1274-565d-4ff2-997e-ff93a2018b86,8,11,True,9.0,9.0,16.68,0,104.22,95.22,116.5,1
2020,340f1274-565d-4ff2-997e-ff93a2018b86,8,12,True,-6.0,-6.0,-8.61,0,86.48,92.48,105.7,1
2020,340f1274-565d-4ff2-997e-ff93a2018b86,8,13,True,5.0,5.0,7.86,0,82.6,77.6,,1
2020,340f1274-565d-4ff2-997e-ff93a2018b86,8,14,True,13.0,13.0,0.99,0,58.52,45.52,,1
2020,340f1274-565d-4ff2-997e-ff93a2018b86,8,15,True,8.0,8.0,13.02,0,119.86,111.86,,1
2020,340f1274-565d-4ff2-997e-ff93a2018b86,8,16,True,-4.0,-4.0,-2.62,0,125.0,129.0,,1
2020,340f1274-565d-4ff2-997e-ff93a2018b86,10,8,True,10.0,10.0,15.58,0,79.44,69.44,102.02,1
2020,340f1274-565d-4ff2-997e-ff93a2018b86,10,9,True,3.0,3.0,5.27,0,86.4,83.4,90.02,1
2020,340f1274-565d-4ff2-997e-ff93a2018b86,10,10,True,-1.0,-1.0,-1.87,0,89.1,90.1,80.02,1
2020,340f1274-565d-4ff2-997e-ff93a2018b86,10,11,True,-9.0,-9.0,-9.97,0,116.5,125.5,104.22,1
2020,34970a0f-4af4-48f6-a7a8-e28c769d2662,2,11,True,-7.0,0.0,0.0,0,98.08,98.08,129.24,1
2020,34970a0f-4af4-48f6-a7a8-e28c769d2662,2,12,True,11.7,0.0,0.0,0,172.18,172.18,63.94,1
2020,34970a0f-4af4-48f6-a7a8-e28c769d2662,2,13,True,0.0,0.0,0.0,0,107.62,107.62,,1
2020,34970a0f-4af4-48f6-a7a8-e28c769d2662,2,14,True,0.0,0.0,0.0,0,149.52,149.52,,1
2020,34970a0f-4af4-48f6-a7a8-e28c769d2662,2,15,True,-3.4,0.0,0.0,0,129.06,129.06,,1
2020,34970a0f-4af4-48f6-a7a8-e28c769d2662,2,16,True,1.7,0.0,0.0,0,86.82,86.82,,1
2020,34970a0f-4af4-48f6-a7a8-e28c769d2662,4,11,True,7.0,7.0,12.05,0,96.44,89.44,88.38,1
2020,34970a0f-4af4-48f6-a7a8-e28c769d2662,4,12,True,-19.7,0.0,0.0,0,102.7,102.7,93.36,1
2020,34970a0f-4af4-48f6-a7a8-e28c769d2662,4,13,True,0.0,0.0,0.0,0,67.2,67.2,,1
2020,34970a0f-4af4-48f6-a7a8-e28c769d2662,4,14,True,2.3,0.0,0.0,0,89.04,89.04,,1
2020,34970a0f-4af4-48f6-a7a8-e28c769d2662,4,15,True,2.5,0.0,0.0,0,136.9,136.9,,1
2020,34970a0f-4af4-48f6-a7a8-e28c769d2662,4,16,True,0.0,0.0,0.0,0,125.02,125.02,,1
2020,3e2ae3c3-3ab9-49f7-8248-626f9415c1da,1,9,False,-7.1,0.0,0.0,0,90.02,90.02,86.4,1
2020,3e2ae3c3-3ab9-49f7-8248-626f9415c1da,1,10,True,0.0,0.0,0.0,0,111.2,111.2,96.14,1
2020,3e2ae3c3-3ab9-49f7-8248-626f9415c1da,1,11,True,-0.5,0.0,0.0,0,99.56,99.56,74.6,1
2020,3e2ae3c3-3ab9-49f7-8248-626f9415c1da,1,12,True,-10.0,-2.0,-0.51,0,63.94,65.94,172.18,1
2020,3e2ae3c3-3ab9-49f7-8248-626f9415c1da,1,13,True,4.9,0.0,0.0,0,87.12,87.12,,1
2020,3e2ae3c3-3ab9-49f7-8248-626f9415c1da,1,14,True,-4.3,0.0,0.0,0,94.52,94.52,,1
2020,3e2ae3c3-3ab9-49f7-8248-626f9415c1da,1,15,True,6.5,0.0,0.0,0,88.64,88.64,,1
2020,3e2ae3c3-3ab9-49f7-8248-626f9415c1da,1,16,True,-2.5,0.0,0.0,0,101.28,101.28,,1
2020,3e2ae3c3-3ab9-49f7-8248-626f9415c1da,3,9,False,0.0,0.0,0.0,0,97.7,97.7,59.86,1
2020,3e2ae3c3-3ab9-49f7-8248-626f9415c1da,3,10,True,0.8,0.0,0.0,0,109.86,109.86,81.82,1
2020,3e2ae3c3-3ab9-49f7-8248-626f9415c1da,3,11,True,0.0,0.0,0.0,0,129.24,129.24,98.08,1
2020,3e2ae3c3-3ab9-49f7-8248-626f9415c1da,3,12,True,4.3,0.0,0.0,0,108.18,108.18,98.72,1
2020,3e2ae3c3-3ab9-49f7-8248-626f9415c1da,3,13,True,0.0,0.0,0.0,0,105.86,105.86,,1
2020,3e2ae3c3-3ab9-49f7-8248-626f9415c1da,3,14,True,0.0,0.0,0.0,0,114.12,114.12,,1
2020,3e2ae3c3-3ab9-49f7-8248-626f9415c1da,3,15,True,0.0,0.0,0.0,0,134.22,134.22,,1
2020,3e2ae3c3-3ab9-49f7-8248-626f9415c1da,3,16,False,0.0,0.0,0.0,0,92.12,92.12,,1
2020,5e8f1a2d-b3d9-4487-a4b9-fbafa06c63df,3,10,False,13.0,0.0,0.0,0,109.86,109.86,81.82,1
2020,5e8f1a2d-b3d9-4487-a4b9-fbafa06c63df,3,11,True,8.0,0.0,0.0,0,129.24,129.24,98.08,1
2020,5e8f1a2d-b3d9-4487-a4b9-fbafa06c63df,3,12,True,12.16,0.0,0.0,0,108.18,108.18,98.72,1
2020,5e8f1a2d-b3d9-4487-a4b9-fbafa06c63df,3,13,True,3.7,0.0,0.0,0,105.86,105.86,,1
2020,5e8f1a2d-b3d9-4487-a4b9-fbafa06c63df,3,14,True,-4.9,0.0,0.0,0,114.12,114.12,,1
2020,5e8f1a2d-b3d9-4487-a4b9-fbafa06c63df,3,15,True,0.0,-1.3,-0.81,0,134.22,135.52,,1
2020,5e8f1a2d-b3d9-4487-a4b9-fbafa06c63df,3,16,True,-9.4,0.0,0.0,0,92.12,92.12,,1
2020,5e8f1a2d-b3d9-4487-a4b9-fbafa06c63df,8,10,False,0.0,0.0,0.0,0,67.76,67.76,75.92,1
2020,5e8f1a2d-b3d9-4487-a4b9-fbafa06c63df,8,11,True,3.5,0.0,0.0,0,104.22,104.22,116.5,1
2020,5e8f1a2d-b3d9-4487-a4b9-fbafa06c63df,8,12,True,-20.7,0.0,0.0,0,86.48,86.48,105.7,1
2020,5e8f1a2d-b3d9-4487-a4b9-fbafa06c63df,8,13,True,-1.04,0.0,0.0,0,82.6,82.6,,1
2020,5e8f1a2d-b3d9-4487-a4b9-fbafa06c63df,8,14,True,5.12,0.0,0.0,0,58.52,58.52,,1
2020,5e8f1a2d-b3d9-4487-a4b9-fbafa06c63df,8,15,True,7.3,0.0,0.0,0,119.86,119.86,,1
2020,5e8f1a2d-b3d9-4487-a4b9-fbafa06c63df,8,16,True,9.4,0.0,0.0,0,125.0,125.0,,1
2020,b6eef963-e94a-4ffd-9ea3-1ddc7a61a363,2,5,True,12.8,7.3,6.37,0,78.08,70.78,54.54,1
2020,b6eef963-e94a-4ffd-9ea3-1ddc7a61a363,2,6,True,4.9,8.0,1.83,0,55.1,47.1,102.88,1
2020,b6eef963-e94a-4ffd-9ea3-1ddc7a61a363,2,7,True,17.7,17.6,2.93,0,149.82,132.22,107.96,1
2020,b6eef963-e94a-4ffd-9ea3-1ddc7a61a363,2,8,True,14.9,15.5,27.96,0,96.54,81.04,99.24,1
2020,b6eef963-e94a-4ffd-9ea3-1ddc7a61a363,2,9,True,11.1,7.2,11.05,0,106.98,99.78,124.06,1
2020,b6eef963-e94a-4ffd-9ea3-1ddc7a61a363,2,10,False,-4.5,0.0,0.0,0,95.66,95.66,83.28,1
2020,b6eef963-e94a-4ffd-9ea3-1ddc7a61a363,2,11,True,20.76,18.86,29.02,0,98.08,79.22,129.24,1
2020,b6eef963-e94a-4ffd-9ea3-1ddc7a61a363,2,12,True,3.4,3.4,0.01,0,172.18,168.78,63.94,1
2020,b6eef963-e94a-4ffd-9ea3-1ddc7a61a363,2,13,True,-3.4,11.2,17.63,0,107.62,96.42,,1
2020,b6eef963-e94a-4ffd-9ea3-1ddc7a61a363,2,14,True,12.3,16.2,3.62,1,149.52,133.32,,1
2020,b6eef963-e94a-4ffd-9ea3-1ddc7a61a363,2,15,True,-4.5,2.1,2.06,0,129.06,126.96,,1
2020,b6eef963-e94a-4ffd-9ea3-1ddc7a61a363,2,16,True,2.6,12.4,15.1,0,86.82,74.42,,1
2020,b6eef963-e94a-4ffd-9ea3-1ddc7a61a363,7,5,True,-8.3,-7.3,-8.73,0,77.12,84.42,121.28,1
2020,b6eef963-e94a-4ffd-9ea3-1ddc7a61a363,7,6,True,-9.8,6.0,4.19,0,66.78,60.78,105.44,1
2020,b6eef963-e94a-4ffd-9ea3-1ddc7a61a363,7,7,False,-11.4,0.0,0.0,0,111.32,111.32,95.66,1
2020,b6eef963-e94a-4ffd-9ea3-1ddc7a61a363,7,8,True,-8.5,-9.0,-16.33,0,78.22,87.22,98.32,1
2020,b6eef963-e94a-4ffd-9ea3-1ddc7a61a363,7,9,True,-9.9,0.0,0.0,0,80.3,80.3,92.5,1
2020,b6eef963-e94a-4ffd-9ea3-1ddc7a61a363,7,10,True,-7.6,0.0,0.0,0,83.28,83.28,95.66,1
2020,b6eef963-e94a-4ffd-9ea3-1ddc7a61a363,7,11,True,-15.76,0.0,0.0,0,92.66,92.66,109.26,1
2020,b6eef963-e94a-4ffd-9ea3-1ddc7a61a363,7,12,False,-26.1,0.0,0.0,0,99.2,99.2,100.62,1
2020,b6eef963-e94a-4ffd-9ea3-1ddc7a61a363,7,13,True,-3.9,0.0,0.0,0,85.4,85.4,,1
2020,b6eef963-e94a-4ffd-9ea3-1ddc7a61a363,7,14,True,1.42,5.5,10.14,0,107.2,101.7,,1
2020,b6eef963-e94a-4ffd-9ea3-1ddc7a61a363,7,15,True,1.9,12.7,23.08,0,115.22,102.52,,1
2020,b6eef963-e94a-4ffd-9ea3-1ddc7a61a363,7,16,True,-6.3,8.2,13.88,0,110.98,102.78,,1
2020,b80ed5c5-1184-4acd-84ac-233ee88827e8,7,5,True,9.0,0.0,0.0,0,77.12,77.12,121.28,1
2020,b80ed5c5-1184-4acd-84ac-233ee88827e8,7,6,True,-16.3,5.2,3.73,0,66.78,61.58,105.44,1
2020,b80ed5c5-1184-4acd-84ac-233ee88827e8,7,7,False,0.0,0.0,0.0,0,111.32,111.32,95.66,1
2020,b80ed5c5-1184-4acd-84ac-233ee88827e8,7,8,True,3.0,7.7,11.96,0,78.22,70.52,98.32,1
2020,b80ed5c5-1184-4acd-84ac-233ee88827e8,7,9,False,7.1,0.0,0.0,0,80.3,80.3,92.5,1
2020,b80ed5c5-1184-4acd-84ac-233ee88827e8,7,10,False,-2.6,0.0,0.0,0,83.28,83.28,95.66,1
2020,b80ed5c5-1184-4acd-84ac-233ee88827e8,7,11,False,-6.5,0.0,0.0,0,92.66,92.66,109.26,1
2020,b80ed5c5-1184-4acd-84ac-233ee88827e8,7,12,False,0.0,0.0,0.0,0,99.2,99.2,100.62,1
2020,b80ed5c5-1184-4acd-84ac-233ee88827e8,7,13,True,-8.9,0.0,0.0,0,85.4,85.4,,1
2020,b80ed5c5-1184-4acd-84ac-233ee88827e8,7,14,False,1.52,0.0,0.0,0,107.2,107.2,,1
2020,b80ed5c5-1184-4acd-84ac-233ee88827e8,7,15,False,-2.1,0.0,0.0,0,115.22,115.22,,1
2020,b80ed5c5-1184-4acd-84ac-233ee88827e8,7,16,True,11.0,0.0,0.0,0,110.98,110.98,,1
2020,b80ed5c5-1184-4acd-84ac-233ee88827e8,9,5,True,-10.9,-1.9,-2.68,0,112.06,113.96,98.22,1
2020,b80ed5c5-1184-4acd-84ac-233ee88827e8,9,6,True,19.4,20.8,13.07,0,129.4,108.6,91.42,1
2020,b80ed5c5-1184-4acd-84ac-233ee88827e8,9,7,False,0.0,0.0,0.0,0,107.96,107.96,149.82,1
2020,b80ed5c5-1184-4acd-84ac-233ee88827e8,9,8,True,-7.7,-3.0,-2.53,-1,60.74,63.74,63.36,1
2020,b80ed5c5-1184-4acd-84ac-233ee88827e8,9,9,True,4.6,5.6,8.52,0,106.54,100.94,73.3,1
2020,b80ed5c5-1184-4acd-84ac-233ee88827e8,9,10,True,4.2,-2.1,-3.21,0,75.92,78.02,67.76,1
2020,b80ed5c5-1184-4acd-84ac-233ee88827e8,9,11,True,10.8,9.6,17.41,0,109.26,99.66,92.66,1
2020,b80ed5c5-1184-4acd-84ac-233ee88827e8,9,12,True,17.1,17.1,25.8,0,98.72,81.62,108.18,1
2020,b80ed5c5-1184-4acd-84ac-233ee88827e8,9,13,True,15.2,18.1,11.56,0,128.34,110.24,,1
2020,b80ed5c5-1184-4acd-84ac-233ee88827e8,9,14,True,0.0,-0.5,-0.81,0,111.76,112.26,,1
2020,b80ed5c5-1184-4acd-84ac-233ee88827e8,9,15,True,3.3,-2.8,-5.23,0,105.12,107.92,,1
2020,b80ed5c5-1184-4acd-84ac-233ee88827e8,9,16,True,-20.4,3.1,3.82,0,82.86,79.76,,1
2020,c04aa70b-4fc7-4d1a-8d4f-8dfb950404e7,3,7,False,4.8,0.0,0.0,0,81.4,81.4,60.5,1
2020,c04aa70b-4fc7-4d1a-8d4f-8dfb950404e7,3,8,False,4.5,0.0,0.0,0,112.42,112.42,73.06,1
2020,c04aa70b-4fc7-4d1a-8d4f-8dfb950404e7,3,9,True,-1.6,-1.8,-3.16,0,97.7,99.5,59.86,1
2020,c04aa70b-4fc7-4d1a-8d4f-8dfb950404e7,3,10,True,1.6,-11.4,-8.66,0,109.86,121.26,81.82,1
2020,c04aa70b-4fc7-4d1a-8d4f-8dfb950404e7,3,11,True,16.2,5.5,4.16,0,129.24,123.74,98.08,1
2020,c04aa70b-4fc7-4d1a-8d4f-8dfb950404e7,3,12,True,7.96,-8.2,-13.74,0,108.18,116.38,98.72,1
2020,c04aa70b-4fc7-4d1a-8d4f-8dfb950404e7,3,13,True,10.85,9.5,15.41,0,105.86,96.36,,1
2020,c04aa70b-4fc7-4d1a-8d4f-8dfb950404e7,3,14,True,11.4,0.1,0.15,0,114.12,114.02,,1
2020,c04aa70b-4fc7-4d1a-8d4f-8dfb950404e7,3,15,True,3.6,3.6,2.64,0,134.22,130.62,,1
2020,c04aa70b-4fc7-4d1a-8d4f-8dfb950404e7,3,16,True,0.0,-1.3,-2.3,0,92.12,93.42,,1
2020,c04aa70b-4fc7-4d1a-8d4f-8dfb950404e7,5,7,True,10.8,10.9,18.52,0,95.66,84.76,111.32,1
2020,c04aa70b-4fc7-4d1a-8d4f-8dfb950404e7,5,8,True,-3.2,-7.6,-8.66,0,102.02,109.62,79.44,1
2020,c04aa70b-4fc7-4d1a-8d4f-8dfb950404e7,5,9,True,-3.6,1.8,0.88,0,124.06,122.26,106.98,1
2020,c04aa70b-4fc7-4d1a-8d4f-8dfb950404e7,5,10,True,11.4,11.4,17.19,0,81.82,70.42,109.86,1
2020,c04aa70b-4fc7-4d1a-8d4f-8dfb950404e7,5,11,False,-2.8,0.0,0.0,0,74.6,74.6,99.56,1
2020,c04aa70b-4fc7-4d1a-8d4f-8dfb950404e7,5,12,True,-2.9,9.6,13.67,0,93.36,83.76,102.7,1
2020,c04aa70b-4fc7-4d1a-8d4f-8dfb950404e7,5,13,True,-30.0,-13.6,-11.26,0,110.14,123.74,,1
2020,c04aa70b-4fc7-4d1a-8d4f-8dfb950404e7,5,14,True,-7.4,-1.0,-1.85,0,103.86,104.86,,1
2020,c04aa70b-4fc7-4d1a-8d4f-8dfb950404e7,5,15,True,-3.6,1.2,0.83,0,79.72,78.52,,1
2020,c04aa70b-4fc7-4d1a-8d4f-8dfb950404e7,5,16,True,-5.6,-5.8,-5.05,0,72.6,78.4,,1
2020,d9557ac6-3882-4f68-8570-4b29aeebf4f3,2,9,True,3.68,3.68,5.36,0,106.98,103.3,124.06,1
2020,d9557ac6-3882-4f68-8570-4b29aeebf4f3,2,10,True,-11.94,-3.9,-6.63,0,95.66,99.56,83.28,1
2020,d9557ac6-3882-4f68-8570-4b29aeebf4f3,2,11,True,-2.52,-2.52,-4.69,0,98.08,100.6,129.24,1
2020,d9557ac6-3882-4f68-8570-4b29aeebf4f3,2,12,True,5.64,5.64,0.03,0,172.18,166.54,63.94,1
2020,d9557ac6-3882-4f68-8570-4b29aeebf4f3,2,13,True,-5.58,-4.18,-5.06,0,107.62,111.8,,1
2020,d9557ac6-3882-4f68-8570-4b29aeebf4f3,2,14,True,-2.28,-12.28,-0.55,0,149.52,161.8,,1
2020,d9557ac6-3882-4f68-8570-4b29aeebf4f3,2,15,True,7.54,7.54,8.48,0,129.06,121.52,,1
2020,d9557ac6-3882-4f68-8570-4b29aeebf4f3,2,16,True,-5.92,-5.92,-9.77,0,86.82,92.74,,1
2020,d9557ac6-3882-4f68-8570-4b29aeebf4f3,10,9,True,-2.58,-16.38,-29.72,-1,86.4,102.78,90.02,1
2020,d9557ac6-3882-4f68-8570-4b29aeebf4f3,10,10,True,20.66,19.46,31.92,1,89.1,69.64,80.02,1
2020,d9557ac6-3882-4f68-8570-4b29aeebf4f3,10,11,True,2.3,-0.7,-0.93,0,116.5,117.2,104.22,1
2020,d9557ac6-3882-4f68-8570-4b29aeebf4f3,10,12,True,-5.64,-2.8,-5.22,0,100.62,103.42,99.2,1
2020,d9557ac6-3882-4f68-8570-4b29aeebf4f3,10,13,True,-4.2,-0.02,-0.01,0,65.6,65.62,,1
2020,d9557ac6-3882-4f68-8570-4b29aeebf4f3,10,14,True,8.76,9.08,13.02,0,92.1,83.02,,1
2020,d9557ac6-3882-4f68-8570-4b29aeebf4f3,10,15,True,-7.54,-8.94,-4.1,0,69.92,78.86,,1
2020,d9557ac6-3882-4f68-8570-4b29aeebf4f3,10,16,True,5.92,4.92,6.79,0,86.24,81.32,,1
2020,e67cf7e8-d54c-4a14-a018-7e40a961247c,3,12,True,20.56,10.3,19.06,1,108.18,97.88,98.72,1
2020,e67cf7e8-d54c-4a14-a018-7e40a961247c,3,13,True,11.5,13.0,21.8,0,105.86,92.86,,1
2020,e67cf7e8-d54c-4a14-a018-7e40a961247c,3,14,True,14.9,14.9,26.23,0,114.12,99.22,,1
2020,e67cf7e8-d54c-4a14-a018-7e40a961247c,3,15,True,-9.1,11.0,10.11,0,134.22,123.22,,1
2020,e67cf7e8-d54c-4a14-a018-7e40a961247c,3,16,True,-0.5,-0.5,-0.88,1,92.12,92.62,,1
2020,e67cf7e8-d54c-4a14-a018-7e40a961247c,4,12,True,-16.0,-18.7,-31.21,0,102.7,121.4,93.36,1
2020,e67cf7e8-d54c-4a14-a018-7e40a961247c,4,13,True,-14.9,-13.7,-16.3,0,67.2,80.9,,1
2020,e67cf7e8-d54c-4a14-a018-7e40a961247c,4,14,True,-15.7,-22.0,-38.94,0,89.04,111.04,,1
2020,e67cf7e8-d54c-4a14-a018-7e40a961247c,4,15,True,8.1,9.1,6.62,0,136.9,127.8,,1
2020,e67cf7e8-d54c-4a14-a018-7e40a961247c,4,16,True,-12.8,0.5,0.38,0,125.02,124.52,,1
2020,f317f6e2-aec2-4385-a2fa-7adf5ff53943,1,7,True,10.2,10.2,2.86,0,141.0,130.8,101.72,1
2020,f317f6e2-aec2-4385-a2fa-7adf5ff53943,1,8,True,-11.5,3.3,5.31,0,98.32,95.02,78.22,1
2020,f317f6e2-aec2-4385-a2fa-7adf5ff53943,1,9,True,10.2,4.6,8.41,1,90.02,85.42,86.4,1
2020,f317f6e2-aec2-4385-a2fa-7adf5ff53943,1,10,False,0.0,0.0,0.0,0,111.2,111.2,96.14,1
2020,f317f6e2-aec2-4385-a2fa-7adf5ff53943,1,11,True,-11.5,0.0,0.0,0,99.56,99.56,74.6,1
2020,f317f6e2-aec2-4385-a2fa-7adf5ff53943,1,12,False,-5.0,0.0,0.0,0,63.94,63.94,172.18,1
2020,f317f6e2-aec2-4385-a2fa-7adf5ff53943,1,13,True,0.0,0.0,0.0,0,87.12,87.12,,1
2020,f317f6e2-aec2-4385-a2fa-7adf5ff53943,1,14,True,0.0,0.0,0.0,0,94.52,94.52,,1
2020,f317f6e2-aec2-4385-a2fa-7adf5ff53943,1,15,True,-9.6,0.0,0.0,0,88.64,88.64,,1
2020,f317f6e2-aec2-4385-a2fa-7adf5ff53943,8,7,True,-16.1,-3.5,-1.25,0,62.18,65.68,75.66,1
2020,f317f6e2-aec2-4385-a2fa-7adf5ff53943,8,8,True,13.3,16.2,17.12,0,73.06,56.86,112.42,1
2020,f317f6e2-aec2-4385-a2fa-7adf5ff53943,8,9,False,-4.7,0.0,0.0,0,92.5,92.5,80.3,1
2020,f317f6e2-aec2-4385-a2fa-7adf5ff53943,8,10,True,0.7,2.8,2.62,0,67.76,64.96,75.92,1
2020,f317f6e2-aec2-4385-a2fa-7adf5ff53943,8,11,True,7.3,3.8,7.07,0,104.22,100.42,116.5,1
2020,f317f6e2-aec2-4385-a2fa-7adf5ff53943,8,12,True,1.5,3.4,4.06,0,86.48,83.08,105.7,1
2020,f317f6e2-aec2-4385-a2fa-7adf5ff53943,8,13,True,0.0,4.7,7.42,0,82.6,77.9,,1
2020,f317f6e2-aec2-4385-a2fa-7adf5ff53943,8,14,True,0.0,-1.0,-0.15,0,58.52,59.52,,1
2020,f317f6e2-aec2-4385-a2fa-7adf5ff53943,8,15,True,8.0,10.7,17.88,0,119.86,109.16,,1
2020,f317f6e2-aec2-4385-a2fa-7adf5ff53943,8,16,True,0.0,-16.6,-7.13,0,125.0,141.6,,1
2020,fae90927-441e-498d-bd3a-3ba904798c2d,7,4,True,0.0,-1.9,-3.53,0,104.8,106.7,51.14,1
2020,fae90927-441e-498d-bd3a-3ba904798c2d,7,5,True,-14.8,-12.2,-16.1,0,77.12,89.32,121.28,1
2020,fae90927-441e-498d-bd3a-3ba904798c2d,7,6,False,-0.4,0.0,0.0,0,66.78,66.78,105.44,1
2020,fae90927-441e-498d-bd3a-3ba904798c2d,7,7,True,5.3,2.59,4.05,0,111.32,108.73,95.66,1
2020,fae90927-441e-498d-bd3a-3ba904798c2d,8,4,False,0.0,0.0,0.0,0,130.72,130.72,107.2,1
2020,fae90927-441e-498d-bd3a-3ba904798c2d,8,5,True,16.0,16.0,19.33,1,123.62,107.62,121.8,1
2020,fae90927-441e-498d-bd3a-3ba904798c2d,8,6,True,1.3,-2.57,-3.82,0,102.88,105.45,55.1,1
2020,fae90927-441e-498d-bd3a-3ba904798c2d,8,7,True,-0.3,-4.86,-1.84,0,62.18,67.04,75.66,1
2020,fae90927-441e-498d-bd3a-3ba904798c2d,8,8,True,0.35,0.35,0.51,0,73.06,72.71,112.42,1
2020,fae90927-441e-498d-bd3a-3ba904798c2d,8,9,True,8.7,0.0,0.0,0,92.5,92.5,80.3,1
2020,fb4addc0-42bc-48de-b292-6c8ade66b205,2,12,True,39.7,46.4,7.74,0,172.18,125.78,63.94,1
2020,fb4addc0-42bc-48de-b292-6c8ade66b205,2,13,True,-0.4,5.5,8.0,0,107.62,102.12,,1
2020,fb4addc0-42bc-48de-b292-6c8ade66b205,2,14,True,15.1,19.0,4.95,1,149.52,130.52,,1
2020,fb4addc0-42bc-48de-b292-6c8ade66b205,2,15,True,-4.0,1.0,0.95,0,129.06,128.06,,1
2020,fb4addc0-42bc-48de-b292-6c8ade66b205,2,16,True,-41.9,-41.1,-63.84,-1,86.82,127.92,,1
2020,fb4addc0-42bc-48de-b292-6c8ade66b205,8,12,True,-40.0,-46.5,-71.2,-1,86.48,132.98,105.7,1
2020,fb4addc0-42bc-48de-b292-6c8ade66b205,8,13,True,-0.3,-1.3,-2.21,0,82.6,83.9,,1
2020,fb4addc0-42bc-48de-b292-6c8ade66b205,8,14,True,-15.1,-0.4,-0.06,0,58.52,58.92,,1
2020,fb4addc0-42bc-48de-b292-6c8ade66b205,8,15,True,16.5,8.5,13.91,0,119.86,111.36,,1
2020,fb4addc0-42bc-48de-b292-6c8ade66b205,8,16,True,45.3,45.3,69.08,0,125.0,79.7,,1
2021,11139b4a-7f54-4c80-821f-336fd8e8cfd7,1,9,False,1.0,0.0,0.0,0,94.74,94.74,94.18,1
2021,11139b4a-7f54-4c80-821f-336fd8e8cfd7,1,10,True,0.0,0.0,0.0,0,74.38,74.38,73.44,1
2021,11139b4a-7f54-4c80-821f-336fd8e8cfd7,1,11,True,-4.6,-1.7,-2.59,0,87.66,89.36,94.78,1
2021,11139b4a-7f54-4c80-821f-336fd8e8cfd7,1,12,False,-8.78,0.0,0.0,0,89.5,89.5,104.14,1
2021,11139b4a-7f54-4c80-821f-336fd8e8cfd7,1,13,True,-0.7,0.0,0.0,0,76.52,76.52,90.8,1
2021,11139b4a-7f54-4c80-821f-336fd8e8cfd7,1,14,True,-3.9,-1.5,-0.09,0,55.88,57.38,,1
2021,11139b4a-7f54-4c80-821f-336fd8e8cfd7,1,15,True,22.2,8.4,15.87,0,86.9,78.5,,1
2021,11139b4a-7f54-4c80-821f-336fd8e8cfd7,1,16,True,19.28,6.1,10.64,0,92.58,86.48,,1
2021,11139b4a-7f54-4c80-821f-336fd8e8cfd7,1,17,True,0.0,-20.3,-0.95,0,36.1,56.4,,1
2021,11139b4a-7f54-4c80-821f-336fd8e8cfd7,7,9,True,0.0,0.0,0.0,0,94.18,94.18,94.74,1
2021,136ad10e-eaa7-4c27-af8b-c37bb61211e5,1,4,True,4.1,8.4,9.27,0,119.94,111.54,72.52,1
2021,136ad10e-eaa7-4c27-af8b-c37bb61211e5,1,5,True,11.4,5.5,7.45,0,136.98,131.48,129.18,1
2021,136ad10e-eaa7-4c27-af8b-c37bb61211e5,1,6,True,-5.8,-1.9,-2.93,0,87.58,89.48,60.68,1
2021,136ad10e-eaa7-4c27-af8b-c37bb61211e5,1,7,True,-9.3,12.4,23.25,0,103.88,91.48,60.44,1
2021,136ad10e-eaa7-4c27-af8b-c37bb61211e5,1,8,False,-7.9,0.0,0.0,0,99.28,99.28,100.26,1
2021,136ad10e-eaa7-4c27-af8b-c37bb61211e5,1,9,True,3.4,2.3,3.55,1,94.74,92.44,94.18,1
2021,136ad10e-eaa7-4c27-af8b-c37bb61211e5,1,10,True,0.0,-3.6,-6.08,0,74.38,77.98,73.44,1
2021,136ad10e-eaa7-4c27-af8b-c37bb61211e5,1,11,False,0.0,0.0,0.0,0,87.66,87.66,94.78,1
2021,136ad10e-eaa7-4c27-af8b-c37bb61211e5,1,12,True,5.1,1.91,3.25,0,89.5,87.59,104.14,1
2021,136ad10e-eaa7-4c27-af8b-c37bb61211e5,1,13,True,-8.4,4.0,3.38,0,76.52,72.52,90.8,1
2021,136ad10e-eaa7-4c27-af8b-c37bb61211e5,1,14,True,0.0,-2.3,-0.15,0,55.88,58.18,,1
2021,136ad10e-eaa7-4c27-af8b-c37bb61211e5,1,15,True,0.0,-10.8,-18.51,0,86.9,97.7,,1
2021,136ad10e-eaa7-4c27-af8b-c37bb61211e5,1,16,True,-16.6,-16.1,-29.7,0,92.58,108.68,,1
2021,136ad10e-eaa7-4c27-af8b-c37bb61211e5,1,17,True,-12.6,-3.3,-0.04,0,36.1,39.4,,1
2021,136ad10e-eaa7-4c27-af8b-c37bb61211e5,9,4,True,-4.3,0.0,0.0,0,114.12,114.12,73.36,1
2021,136ad10e-eaa7-4c27-af8b-c37bb61211e5,9,5,True,-10.9,-14.7,-1.04,0,161.6,176.3,117.22,1
2021,136ad10e-eaa7-4c27-af8b-c37bb61211e5,9,6,True,7.7,0.0,0.0,0,116.02,116.02,113.92,1
2021,136ad10e-eaa7-4c27-af8b-c37bb61211e5,9,7,True,7.1,9.3,9.26,0,123.82,114.52,103.94,1
2021,136ad10e-eaa7-4c27-af8b-c37bb61211e5,9,8,True,5.5,9.4,17.2,1,100.26,90.86,99.28,1
2021,136ad10e-eaa7-4c27-af8b-c37bb61211e5,9,9,True,0.2,-1.8,-2.3,0,63.86,65.66,87.86,1
2021,136ad10e-eaa7-4c27-af8b-c37bb61211e5,9,10,False,0.0,0.0,0.0,0,76.54,76.54,102.64,1
2021,136ad10e-eaa7-4c27-af8b-c37bb61211e5,9,11,True,4.4,-1.0,-0.29,0,64.06,65.06,124.3,1
2021,136ad10e-eaa7-4c27-af8b-c37bb61211e5,9,12,True,6.1,8.9,16.55,1,98.2,89.3,93.02,1
2021,136ad10e-eaa7-4c27-af8b-c37bb61211e5,9,13,True,11.6,15.6,24.82,0,95.0,79.4,153.02,1
2021,136ad10e-eaa7-4c27-af8b-c37bb61211e5,9,14,False,0.0,0.0,0.0,0,119.72,119.72,,1
2021,136ad10e-eaa7-4c27-af8b-c37bb61211e5,9,15,False,0.0,0.0,0.0,0,98.3,98.3,,1
2021,136ad10e-eaa7-4c27-af8b-c37bb61211e5,9,16,True,19.8,23.9,39.27,0,116.96,93.06,,1
2021,136ad10e-eaa7-4c27-af8b-c37bb61211e5,9,17,True,0.0,15.9,22.98,0,119.1,103.2,,1
2021,1b01fe4a-3dce-4061-a299-7e79fc5ce3b7,5,5,True,4.5,9.6,8.5,0,146.72,137.12,82.16,1
2021,1b01fe4a-3dce-4061-a299-7e79fc5ce3b7,5,6,True,-18.8,4.8,6.57,1,87.5,82.7,82.88,1
2021,1b01fe4a-3dce-4061-a299-7e79fc5ce3b7,5,7,False,-4.1,0.0,0.0,0,103.94,103.94,123.82,1
2021,1b01fe4a-3dce-4061-a299-7e79fc5ce3b7,5,8,True,-3.1,13.2,21.95,0,87.92,74.72,88.22,1
2021,1b01fe4a-3dce-4061-a299-7e79fc5ce3b7,5,9,True,3.7,3.7,4.93,0,99.04,95.34,64.52,1
2021,1b01fe4a-3dce-4061-a299-7e79fc5ce3b7,5,10,True,3.1,4.7,8.21,0,79.6,74.9,92.0,1
2021,1b01fe4a-3dce-4061-a299-7e79fc5ce3b7,5,11,False,0.0,0.0,0.0,0,94.78,94.78,87.66,1
2021,1b01fe4a-3dce-4061-a299-7e79fc5ce3b7,5,12,False,-7.9,0.0,0.0,0,117.82,117.82,100.78,1
2021,1b01fe4a-3dce-4061-a299-7e79fc5ce3b7,5,13,True,0.0,2.7,1.33,0,68.98,66.28,110.12,1
2021,1b01fe4a-3dce-4061-a299-7e79fc5ce3b7,5,14,True,3.7,0.9,1.55,0,98.2,97.3,,1
2021,1b01fe4a-3dce-4061-a299-7e79fc5ce3b7,5,15,True,0.0,-5.6,-8.2,0,67.34,72.94,,1
2021,1b01fe4a-3dce-4061-a299-7e79fc5ce3b7,5,16,True,11.2,11.2,19.13,0,94.24,83.04,,1
2021,1b01fe4a-3dce-4061-a299-7e79fc5ce3b7,5,17,True,2.6,0.4,0.71,0,91.38,90.98,,1
2021,1b01fe4a-3dce-4061-a299-7e79fc5ce3b7,7,5,True,3.9,8.4,15.22,0,117.22,108.82,161.6,1
2021,1b01fe4a-3dce-4061-a299-7e79fc5ce3b7,7,6,True,16.8,5.5,10.33,0,105.8,100.3,99.28,1
2021,1b01fe4a-3dce-4061-a299-7e79fc5ce3b7,7,7,True,4.3,-6.9,-13.05,-1,95.94,102.84,99.4,1
2021,1b01fe4a-3dce-4061-a299-7e79fc5ce3b7,7,8,True,6.1,14.5,23.87,1,88.22,73.72,87.92,1
2021,1b01fe4a-3dce-4061-a299-7e79fc5ce3b7,7,9,True,4.0,4.0,6.43,0,94.18,90.18,94.74,1
2021,1b01fe4a-3dce-4061-a299-7e79fc5ce3b7,7,10,True,0.0,-12.7,-23.78,-1,78.62,91.32,85.22,1
2021,1b01fe4a-3dce-4061-a299-7e79fc5ce3b7,7,11,False,0.0,0.0,0.0,0,113.08,113.08,107.14,1
2021,1b01fe4a-3dce-4061-a299-7e79fc5ce3b7,7,12,True,9.4,2.8,4.83,0,90.46,87.66,97.68,1
2021,1b01fe4a-3dce-4061-a299-7e79fc5ce3b7,7,13,False,0.0,0.0,0.0,0,108.96,108.96,108.36,1
2021,1b01fe4a-3dce-4061-a299-7e79fc5ce3b7,7,14,False,-0.8,0.0,0.0,0,104.6,104.6,,1
2021,1b01fe4a-3dce-4061-a299-7e79fc5ce3b7,7,15,True,0.0,0.0,0.0,0,108.06,108.06,,1
2021,1b01fe4a-3dce-4061-a299-7e79fc5ce3b7,7,16,True,-4.5,0.0,0.0,0,139.36,139.36,,1
2021,1b01fe4a-3dce-4061-a299-7e79fc5ce3b7,7,17,False,0.0,0.0,0.0,0,110.96,110.96,,1
2021,1ce89cd8-b1c6-4602-8bc0-2a5ae5993463,7,8,True,1.7,1.1,2.06,1,88.22,87.12,87.92,1
2021,1ce89cd8-b1c6-4602-8bc0-2a5ae5993463,7,9,True,-5.2,-2.3,-3.36,-1,94.18,96.48,94.74,1
2021,1ce89cd8-b1c6-4602-8bc0-2a5ae5993463,7,10,True,14.0,10.7,16.85,0,78.62,67.92,85.22,1
2021,1ce89cd8-b1c6-4602-8bc0-2a5ae5993463,7,11,True,-11.3,0.0,0.0,0,113.08,113.08,107.14,1
2021,1ce89cd8-b1c6-4602-8bc0-2a5ae5993463,7,12,False,12.6,0.0,0.0,0,90.46,90.46,97.68,1
2021,1ce89cd8-b1c6-4602-8bc0-2a5ae5993463,7,13,True,-3.7,-15.2,-19.17,0,108.96,124.16,108.36,1
2021,1ce89cd8-b1c6-4602-8bc0-2a5ae5993463,7,14,True,9.0,-2.5,-4.75,0,104.6,107.1,,1
2021,1ce89cd8-b1c6-4602-8bc0-2a5ae5993463,7,15,True,7.0,7.0,7.0,0,108.06,101.06,,1
2021,1ce89cd8-b1c6-4602-8bc0-2a5ae5993463,7,16,True,0.0,-10.6,-1.01,0,139.36,149.96,,1
2021,1ce89cd8-b1c6-4602-8bc0-2a5ae5993463,7,17,True,-1.0,-4.9,-6.82,0,110.96,115.86,,1
2021,1ce89cd8-b1c6-4602-8bc0-2a5ae5993463,10,8,True,-3.8,-3.8,-7.15,0,87.0,90.8,91.66,1
2021,1ce89cd8-b1c6-4602-8bc0-2a5ae5993463,10,9,True,5.9,7.1,11.44,0,95.44,88.34,67.58,1
2021,1ce89cd8-b1c6-4602-8bc0-2a5ae5993463,10,10,True,-14.0,-14.0,-5.97,0,111.94,125.94,77.58,1
2021,1ce89cd8-b1c6-4602-8bc0-2a5ae5993463,10,11,True,10.5,10.5,19.45,0,109.2,98.7,140.78,1
2021,1ce89cd8-b1c6-4602-8bc0-2a5ae5993463,10,12,True,6.9,-13.61,-25.36,-1,93.02,106.63,98.2,1
2021,1ce89cd8-b1c6-4602-8bc0-2a5ae5993463,10,13,True,15.2,15.2,28.02,0,108.36,93.16,108.96,1
2021,1ce89cd8-b1c6-4602-8bc0-2a5ae5993463,10,14,False,-5.7,0.0,0.0,0,95.52,95.52,,1
2021,1ce89cd8-b1c6-4602-8bc0-2a5ae5993463,10,15,True,-7.0,-7.0,-13.22,0,81.7,88.7,,1
2021,1ce89cd8-b1c6-4602-8bc0-2a5ae5993463,10,16,True,0.2,1.6,0.36,0,59.22,57.62,,1
2021,1ce89cd8-b1c6-4602-8bc0-2a5ae5993463,10,17,True,6.2,6.2,10.76,0,93.06,86.86,,1
2021,67b04161-bfba-45d6-90d0-92617238f1d9,2,5,True,-0.9,-0.9,-1.46,0,129.18,130.08,136.98,1
2021,67b04161-bfba-45d6-90d0-92617238f1d9,2,6,True,4.9,1.6,0.62,0,135.1,133.5,117.66,1
2021,67b04161-bfba-45d6-90d0-92617238f1d9,2,7,False,-13.4,0.0,0.0,0,68.98,68.98,118.34,1
2021,67b04161-bfba-45d6-90d0-92617238f1d9,2,8,True,-33.7,-10.2,-17.93,0,79.62,89.82,61.66,1
2021,67b04161-bfba-45d6-90d0-92617238f1d9,2,9,True,-12.0,-1.6,-2.39,0,67.58,69.18,95.44,1
2021,67b04161-bfba-45d6-90d0-92617238f1d9,2,10,True,1.1,4.5,6.13,0,102.64,98.14,76.54,1
2021,67b04161-bfba-45d6-90d0-92617238f1d9,2,11,True,-3.0,7.6,14.24,0,107.14,99.54,113.08,1
2021,67b04161-bfba-45d6-90d0-92617238f1d9,2,12,True,0.0,4.6,7.71,0,109.06,104.46,74.98,1
2021,67b04161-bfba-45d6-90d0-92617238f1d9,2,13,True,2.6,7.7,13.36,0,110.12,102.42,68.98,1
2021,67b04161-bfba-45d6-90d0-92617238f1d9,2,14,True,1.5,11.8,2.31,0,152.14,140.34,,1
2021,67b04161-bfba-45d6-90d0-92617238f1d9,2,15,True,7.0,6.5,12.32,0,86.88,80.38,,1
2021,67b04161-bfba-45d6-90d0-92617238f1d9,2,16,True,24.2,2.0,1.49,0,124.3,122.3,,1
2021,67b04161-bfba-45d6-90d0-92617238f1d9,2,17,True,-25.5,-25.3,-45.37,-1,87.24,112.54,,1
2021,67b04161-bfba-45d6-90d0-92617238f1d9,4,5,True,0.9,20.5,3.38,1,85.18,64.68,83.18,1
2021,67b04161-bfba-45d6-90d0-92617238f1d9,4,6,True,-1.6,12.5,21.64,0,113.92,101.42,116.02,1
2021,67b04161-bfba-45d6-90d0-92617238f1d9,4,7,True,9.4,9.5,17.7,1,99.4,89.9,95.94,1
2021,67b04161-bfba-45d6-90d0-92617238f1d9,4,8,True,39.7,40.9,64.79,0,103.9,63.0,113.7,1
2021,67b04161-bfba-45d6-90d0-92617238f1d9,4,9,True,7.6,-1.7,-2.24,0,64.52,66.22,99.04,1
2021,67b04161-bfba-45d6-90d0-92617238f1d9,4,10,True,1.0,-5.9,-9.97,-1,73.44,79.34,74.38,1
2021,67b04161-bfba-45d6-90d0-92617238f1d9,4,11,True,1.7,1.7,1.27,0,76.02,74.32,93.08,1
2021,67b04161-bfba-45d6-90d0-92617238f1d9,4,12,True,-4.6,1.0,0.9,0,74.98,73.98,109.06,1
2021,67b04161-bfba-45d6-90d0-92617238f1d9,4,13,True,-7.2,0.5,0.95,0,101.14,100.64,74.8,1
2021,67b04161-bfba-45d6-90d0-92617238f1d9,4,14,True,11.4,-2.2,-3.74,0,96.3,98.5,,1
2021,67b04161-bfba-45d6-90d0-92617238f1d9,4,15,True,-2.1,0.5,0.44,0,60.34,59.84,,1
2021,67b04161-bfba-45d6-90d0-92617238f1d9,4,16,True,-2.0,-4.1,-7.46,0,90.14,94.24,,1
2021,67b04161-bfba-45d6-90d0-92617238f1d9,4,17,True,25.3,22.9,18.99,0,133.34,110.44,,1
2021,7b04da55-8597-4c92-b9eb-c0dcf268d1b4,7,5,True,-13.0,-14.4,-26.08,0,117.22,131.62,161.6,1
2021,7b04da55-8597-4c92-b9eb-c0dcf268d1b4,7,6,True,-0.3,-4.7,-8.29,0,105.8,110.5,99.28,1
2021,7b04da55-8597-4c92-b9eb-c0dcf268d1b4,7,7,False,-17.5,0.0,0.0,0,95.94,95.94,99.4,1
2021,7b04da55-8597-4c92-b9eb-c0dcf268d1b4,8,5,True,21.8,24.1,14.34,0,100.16,76.06,147.44,1
2021,7b04da55-8597-4c92-b9eb-c0dcf268d1b4,8,6,True,4.7,-9.1,-9.28,0,117.66,126.76,135.1,1
2021,7b04da55-8597-4c92-b9eb-c0dcf268d1b4,8,7,True,29.4,32.8,56.44,1,111.34,78.54,95.06,1
2021,7b04da55-8597-4c92-b9eb-c0dcf268d1b4,8,8,True,9.5,-3.6,-6.81,0,91.66,95.26,87.0,1
2021,7b04da55-8597-4c92-b9eb-c0dcf268d1b4,8,9,True,-6.6,-6.6,-11.07,0,87.86,94.46,63.86,1
2021,7b04da55-8597-4c92-b9eb-c0dcf268d1b4,8,10,True,4.4,5.5,10.35,0,85.22,79.72,78.62,1
2021,7b04da55-8597-4c92-b9eb-c0dcf268d1b4,8,11,True,1.1,2.7,4.57,0,93.08,90.38,76.02,1
2021,7b04da55-8597-4c92-b9eb-c0dcf268d1b4,8,12,True,5.1,0.0,0.0,0,100.78,100.78,117.82,1
2021,7b04da55-8597-4c92-b9eb-c0dcf268d1b4,8,13,True,-4.3,0.0,0.0,0,90.8,90.8,76.52,1
2021,7b04da55-8597-4c92-b9eb-c0dcf268d1b4,8,14,False,11.6,0.0,0.0,0,89.92,89.92,,1
2021,7b04da55-8597-4c92-b9eb-c0dcf268d1b4,8,15,True,-1.0,-12.6,-21.47,0,69.46,82.06,,1
2021,7b04da55-8597-4c92-b9eb-c0dcf268d1b4,8,16,True,12.0,8.9,3.86,0,68.98,60.08,,1
2021,7b04da55-8597-4c92-b9eb-c0dcf268d1b4,8,17,True,2.4,-6.5,-8.02,0,77.76,84.26,,1
2021,7f2a2616-ebf9-493c-b6b3-35b4a358168d,1,11,True,3.0,-1.8,-2.75,0,87.66,89.46,94.78,1
2021,7f2a2616-ebf9-493c-b6b3-35b4a358168d,1,12,True,-1.0,-3.0,-5.35,0,89.5,92.5,104.14,1
2021,7f2a2616-ebf9-493c-b6b3-35b4a358168d,10,11,False,0.0,0.0,0.0,0,109.2,109.2,140.78,1
2021,7f2a2616-ebf9-493c-b6b3-35b4a358168d,10,12,True,0.0,0.0,0.0,0,93.02,93.02,98.2,1
2021,7f2a2616-ebf9-493c-b6b3-35b4a358168d,10,13,True,3.0,3.0,5.19,0,108.36,105.36,108.96,1
2021,7f2a2616-ebf9-493c-b6b3-35b4a358168d,10,14,True,-14.0,9.0,12.6,0,95.52,86.52,,1
2021,7f2a2616-ebf9-493c-b6b3-35b4a358168d,10,15,True,1.0,0.0,0.0,0,81.7,81.7,,1
2021,7f2a2616-ebf9-493c-b6b3-35b4a358168d,10,16,True,3.0,0.0,0.0,0,59.22,59.22,,1
2021,7f2a2616-ebf9-493c-b6b3-35b4a358168d,10,17,True,-1.0,0.0,0.0,0,93.06,93.06,,1
2021,89b4d549-7061-4b63-99a4-3622de3777c7,2,10,True,6.0,15.0,23.96,0,102.64,87.64,76.54,1
2021,89b4d549-7061-4b63-99a4-3622de3777c7,2,11,True,23.5,22.3,39.73,0,107.14,84.84,113.08,1
2021,89b4d549-7061-4b63-99a4-3622de3777c7,2,12,True,18.46,30.46,52.94,0,109.06,78.6,74.98,1
2021,89b4d549-7061-4b63-99a4-3622de3777c7,2,13,True,46.3,40.41,63.38,0,110.12,69.71,68.98,1
2021,89b4d549-7061-4b63-99a4-3622de3777c7,2,14,True,25.2,11.31,2.15,0,152.14,140.83,,1
2021,89b4d549-7061-4b63-99a4-3622de3777c7,2,15,True,26.4,19.52,34.51,1,86.88,67.36,,1
2021,89b4d549-7061-4b63-99a4-3622de3777c7,2,16,True,20.0,23.43,30.42,0,124.3,100.87,,1
2021,89b4d549-7061-4b63-99a4-3622de3777c7,2,17,True,4.6,3.77,5.71,0,87.24,83.47,,1
2021,89b4d549-7061-4b63-99a4-3622de3777c7,9,10,True,-15.2,-6.2,-11.2,0,76.54,82.74,102.64,1
2021,89b4d549-7061-4b63-99a4-3622de3777c7,9,11,True,-22.4,4.3,0.98,0,64.06,59.76,124.3,1
2021,89b4d549-7061-4b63-99a4-3622de3777c7,9,12,True,-21.36,-9.2,-16.83,0,98.2,107.4,93.02,1
2021,89b4d549-7061-4b63-99a4-3622de3777c7,9,13,False,-36.2,0.0,0.0,0,95.0,95.0,153.02,1
2021,89b4d549-7061-4b63-99a4-3622de3777c7,9,14,True,-19.5,-1.8,-2.57,0,119.72,121.52,,1
2021,89b4d549-7061-4b63-99a4-3622de3777c7,9,15,True,-18.7,4.9,7.45,0,98.3,93.4,,1
2021,89b4d549-7061-4b63-99a4-3622de3777c7,9,16,True,-19.7,0.7,0.8,0,116.96,116.26,,1
2021,89b4d549-7061-4b63-99a4-3622de3777c7,9,17,True,-4.8,7.4,9.14,0,119.1,111.7,,1
2021,910cbc5a-4022-41e6-880d-6d76071a558b,2,3,True,9.3,11.9,21.87,0,104.62,92.72,46.72,1
2021,910cbc5a-4022-41e6-880d-6d76071a558b,2,4,True,-14.4,-1.7,-2.0,0,77.22,78.92,104.98,1
2021,910cbc5a-4022-41e6-880d-6d76071a558b,2,5,True,-5.3,18.9,34.65,0,129.18,110.28,136.98,1
2021,910cbc5a-4022-41e6-880d-6d76071a558b,2,6,True,5.1,5.1,2.28,0,135.1,130.0,117.66,1
2021,910cbc5a-4022-41e6-880d-6d76071a558b,2,7,True,1.7,-2.9,-1.86,0,68.98,71.88,118.34,1
2021,910cbc5a-4022-41e6-880d-6d76071a558b,2,8,False,-29.7,0.0,0.0,0,79.62,79.62,61.66,1
2021,910cbc5a-4022-41e6-880d-6d76071a558b,2,9,True,-10.2,-8.2,-13.42,0,67.58,75.78,95.44,1
2021,910cbc5a-4022-41e6-880d-6d76071a558b,2,10,True,-7.0,0.7,0.88,0,102.64,101.94,76.54,1
2021,910cbc5a-4022-41e6-880d-6d76071a558b,2,11,True,-12.0,21.2,38.11,0,107.14,85.94,113.08,1
2021,910cbc5a-4022-41e6-880d-6d76071a558b,2,12,True,-5.5,5.1,8.6,0,109.06,103.96,74.98,1
2021,910cbc5a-4022-41e6-880d-6d76071a558b,2,13,False,-2.3,0.0,0.0,0,110.12,110.12,68.98,1
2021,910cbc5a-4022-41e6-880d-6d76071a558b,2,14,True,9.7,11.3,2.15,0,152.14,140.84,,1
2021,910cbc5a-4022-41e6-880d-6d76071a558b,2,15,True,-3.4,5.4,10.23,0,86.88,81.48,,1
2021,910cbc5a-4022-41e6-880d-6d76071a558b,2,16,True,31.0,14.9,16.19,0,124.3,109.4,,1
2021,910cbc5a-4022-41e6-880d-6d76071a558b,2,17,True,0.9,13.8,17.26,0,87.24,73.44,,1
2021,910cbc5a-4022-41e6-880d-6d76071a558b,3,3,True,-2.5,-16.7,-0.16,0,150.78,167.48,107.88,1
2021,910cbc5a-4022-41e6-880d-6d76071a558b,3,4,True,8.1,11.4,7.19,0,73.36,61.96,114.12,1
2021,910cbc5a-4022-41e6-880d-6d76071a558b,3,5,True,-1.8,-6.6,-3.16,0,147.44,154.04,100.16,1
2021,910cbc5a-4022-41e6-880d-6d76071a558b,3,6,True,-11.5,-19.2,-32.93,-1,99.28,118.48,105.8,1
2021,910cbc5a-4022-41e6-880d-6d76071a558b,3,7,True,2.9,2.9,3.34,0,118.34,115.44,68.98,1
2021,910cbc5a-4022-41e6-880d-6d76071a558b,3,8,True,29.1,-2.2,-1.94,0,113.7,115.9,103.9,1
2021,910cbc5a-4022-41e6-880d-6d76071a558b,3,9,True,12.8,12.86,23.18,0,92.58,79.72,54.9,1
2021,910cbc5a-4022-41e6-880d-6d76071a558b,3,10,True,3.1,7.94,14.8,0,92.0,84.06,79.6,1
2021,910cbc5a-4022-41e6-880d-6d76071a558b,3,11,True,9.3,10.69,3.75,0,140.78,130.09,109.2,1
2021,910cbc5a-4022-41e6-880d-6d76071a558b,3,12,True,4.3,5.89,10.93,0,104.14,98.25,89.5,1
2021,910cbc5a-4022-41e6-880d-6d76071a558b,3,13,True,-7.0,6.51,0.31,0,153.02,146.51,95.0,1
2021,910cbc5a-4022-41e6-880d-6d76071a558b,3,14,True,-0.1,10.18,6.59,0,138.62,128.44,,1
2021,910cbc5a-4022-41e6-880d-6d76071a558b,3,15,True,-3.0,11.84,17.62,0,101.86,90.02,,1
2021,910cbc5a-4022-41e6-880d-6d76071a558b,3,16,False,-13.4,0.0,0.0,0,96.68,96.68,,1
2021,910cbc5a-4022-41e6-880d-6d76071a558b,3,17,True,-4.6,12.7,19.67,1,115.8,103.1,,1
2021,94be0c16-2be4-4914-912f-f10c9bd40d1a,6,10,False,0.0,0.0,0.0,0,77.58,77.58,111.94,1
2021,94be0c16-2be4-4914-912f-f10c9bd40d1a,6,11,True,-2.5,0.0,0.0,0,124.3,124.3,64.06,1
2021,94be0c16-2be4-4914-912f-f10c9bd40d1a,6,12,True,2.2,-1.4,-2.66,0,97.68,99.08,90.46,1
2021,94be0c16-2be4-4914-912f-f10c9bd40d1a,6,13,True,-10.3,0.0,0.0,0,74.8,74.8,101.14,1
2021,94be0c16-2be4-4914-912f-f10c9bd40d1a,6,14,True,4.8,2.3,4.29,0,110.94,108.64,,1
2021,94be0c16-2be4-4914-912f-f10c9bd40d1a,6,15,True,1.9,-3.2,-5.57,0,74.12,77.32,,1
2021,94be0c16-2be4-4914-912f-f10c9bd40d1a,7,10,True,1.7,-11.0,-20.62,-1,78.62,89.62,85.22,1
2021,c9219772-44a9-4e5a-9bf0-fc18212e22b2,2,8,False,-12.7,0.0,0.0,0,79.62,79.62,61.66,1
2021,c9219772-44a9-4e5a-9bf0-fc18212e22b2,2,9,False,-30.2,0.0,0.0,0,67.58,67.58,95.44,1
2021,c9219772-44a9-4e5a-9bf0-fc18212e22b2,2,10,False,-7.5,0.0,0.0,0,102.64,102.64,76.54,1
2021,c9219772-44a9-4e5a-9bf0-fc18212e22b2,2,11,False,-13.3,0.0,0.0,0,107.14,107.14,113.08,1
2021,c9219772-44a9-4e5a-9bf0-fc18212e22b2,2,12,False,0.0,0.0,0.0,0,109.06,109.06,74.98,1
2021,c9219772-44a9-4e5a-9bf0-fc18212e22b2,2,13,False,-7.0,0.0,0.0,0,110.12,110.12,68.98,1
2021,c9219772-44a9-4e5a-9bf0-fc18212e22b2,2,14,False,-11.7,0.0,0.0,0,152.14,152.14,,1
2021,c9219772-44a9-4e5a-9bf0-fc18212e22b2,2,15,False,-1.6,0.0,0.0,0,86.88,86.88,,1
2021,c9219772-44a9-4e5a-9bf0-fc18212e22b2,2,16,True,0.0,0.0,0.0,0,124.3,124.3,,1
2021,c9219772-44a9-4e5a-9bf0-fc18212e22b2,2,17,True,0.0,-3.2,-5.35,-1,87.24,90.44,,1
2021,c9219772-44a9-4e5a-9bf0-fc18212e22b2,10,8,True,14.2,10.24,17.29,0,87.0,76.76,91.66,1
2021,c9219772-44a9-4e5a-9bf0-fc18212e22b2,10,9,True,31.3,31.76,55.11,1,95.44,63.68,67.58,1
2021,c9219772-44a9-4e5a-9bf0-fc18212e22b2,10,10,True,12.4,9.14,8.5,0,111.94,102.8,77.58,1
2021,c9219772-44a9-4e5a-9bf0-fc18212e22b2,10,11,True,11.0,12.29,22.83,0,109.2,96.91,140.78,1
2021,c9219772-44a9-4e5a-9bf0-fc18212e22b2,10,12,False,0.0,0.0,0.0,0,93.02,93.02,98.2,1
2021,c9219772-44a9-4e5a-9bf0-fc18212e22b2,10,13,True,15.7,11.21,20.49,0,108.36,97.15,108.96,1
2021,c9219772-44a9-4e5a-9bf0-fc18212e22b2,10,14,True,22.6,20.28,22.33,0,95.52,75.24,,1
2021,c9219772-44a9-4e5a-9bf0-fc18212e22b2,10,15,True,4.6,4.64,8.63,0,81.7,77.06,,1
2021,c9219772-44a9-4e5a-9bf0-fc18212e22b2,10,16,False,-6.6,0.0,0.0,0,59.22,59.22,,1
2021,c9219772-44a9-4e5a-9bf0-fc18212e22b2,10,17,False,0.0,0.0,0.0,0,93.06,93.06,,1
2021,d342c40e-e6de-4891-9cde-9bd938c87f5b,2,2,True,3.6,3.6,6.72,0,108.68,105.08,100.5,1
2021,d342c40e-e6de-4891-9cde-9bd938c87f5b,8,2,True,-3.6,8.0,11.12,0,122.0,114.0,99.72,1
2021,d342c40e-e6de-4891-9cde-9bd938c87f5b,8,3,True,-14.1,-5.7,-8.98,-1,81.24,86.94,82.24,1
2021,d342c40e-e6de-4891-9cde-9bd938c87f5b,8,4,True,-21.9,-21.9,-30.9,0,72.52,94.42,119.94,1
2021,d342c40e-e6de-4891-9cde-9bd938c87f5b,8,5,True,-18.4,-23.9,-39.74,0,100.16,124.06,147.44,1
2021,d342c40e-e6de-4891-9cde-9bd938c87f5b,8,6,True,13.3,0.0,0.0,0,117.66,117.66,135.1,1
2021,d342c40e-e6de-4891-9cde-9bd938c87f5b,8,7,False,0.0,0.0,0.0,0,111.34,111.34,95.06,1
2021,d342c40e-e6de-4891-9cde-9bd938c87f5b,8,8,True,-3.7,-4.6,-8.66,0,91.66,96.26,87.0,1
2021,d342c40e-e6de-4891-9cde-9bd938c87f5b,8,9,True,5.5,5.5,10.21,0,87.86,82.36,63.86,1
2021,d342c40e-e6de-4891-9cde-9bd938c87f5b,8,10,True,0.7,3.9,7.38,0,85.22,81.32,78.62,1
2021,d342c40e-e6de-4891-9cde-9bd938c87f5b,8,11,True,-24.8,-21.3,-38.72,0,93.08,114.38,76.02,1
2021,d342c40e-e6de-4891-9cde-9bd938c87f5b,8,12,True,2.3,2.3,4.35,0,100.78,98.48,117.82,1
2021,d342c40e-e6de-4891-9cde-9bd938c87f5b,8,13,True,-4.7,-2.04,-3.62,0,90.8,92.84,76.52,1
2021,d342c40e-e6de-4891-9cde-9bd938c87f5b,8,14,False,-8.7,0.0,0.0,0,89.92,89.92,,1
2021,d342c40e-e6de-4891-9cde-9bd938c87f5b,8,15,False,-11.5,0.0,0.0,0,69.46,69.46,,1
2021,d342c40e-e6de-4891-9cde-9bd938c87f5b,8,16,True,0.0,-1.5,-0.96,0,68.98,70.48,,1
2021,d71ccb25-2624-49dd-9a3b-5968a21be8f7,7,12,True,11.8,-6.4,-11.83,0,90.46,96.86,97.68,1
2021,d71ccb25-2624-49dd-9a3b-5968a21be8f7,7,13,True,-0.5,-0.2,-0.33,0,108.96,109.16,108.36,1
2021,d71ccb25-2624-49dd-9a3b-5968a21be8f7,7,14,True,19.2,11.9,20.92,0,104.6,92.7,,1
2021,d71ccb25-2624-49dd-9a3b-5968a21be8f7,7,15,True,-3.1,-2.4,-1.81,0,108.06,110.46,,1
2021,d71ccb25-2624-49dd-9a3b-5968a21be8f7,7,16,True,3.4,0.0,0.0,0,139.36,139.36,,1
2021,d71ccb25-2624-49dd-9a3b-5968a21be8f7,7,17,True,35.5,35.5,59.58,0,110.96,75.46,,1
2021,d71ccb25-2624-49dd-9a3b-5968a21be8f7,8,12,True,1.8,7.3,13.82,0,100.78,93.48,117.82,1
2021,d71ccb25-2624-49dd-9a3b-5968a21be8f7,8,13,True,8.2,13.4,19.21,0,90.8,77.4,76.52,1
2021,d71ccb25-2624-49dd-9a3b-5968a21be8f7,8,14,True,-10.2,-11.9,-18.99,0,89.92,101.82,,1
2021,d71ccb25-2624-49dd-9a3b-5968a21be8f7,8,15,True,17.3,0.0,0.0,0,69.46,69.46,,1
2021,d71ccb25-2624-49dd-9a3b-5968a21be8f7,8,16,True,-6.2,2.08,1.16,0,68.98,66.9,,1
2021,d71ccb25-2624-49dd-9a3b-5968a21be8f7,8,17,True,-36.0,-41.7,-67.8,0,77.76,119.46,,1
2021,d8ab3be7-930f-4fd3-9f5a-8a7828abd841,2,11,True,11.0,14.5,27.05,0,107.14,92.64,113.08,1
2021,d8ab3be7-930f-4fd3-9f5a-8a7828abd841,2,12,True,8.4,15.0,27.11,0,109.06,94.06,74.98,1
2021,d8ab3be7-930f-4fd3-9f5a-8a7828abd841,2,13,True,0.0,3.4,5.65,0,110.12,106.72,68.98,1
2021,d8ab3be7-930f-4fd3-9f5a-8a7828abd841,2,14,False,0.0,0.0,0.0,0,152.14,152.14,,1
2021,d8ab3be7-930f-4fd3-9f5a-8a7828abd841,2,15,True,0.4,5.4,10.23,0,86.88,81.48,,1
2021,d8ab3be7-930f-4fd3-9f5a-8a7828abd841,2,16,True,-2.4,0.0,0.0,0,124.3,124.3,,1
2021,d8ab3be7-930f-4fd3-9f5a-8a7828abd841,4,11,True,-9.5,-9.5,-9.91,0,76.02,85.52,93.08,1
2021,d8ab3be7-930f-4fd3-9f5a-8a7828abd841,4,12,True,-13.5,0.0,0.0,0,74.98,74.98,109.06,1
2021,d8ab3be7-930f-4fd3-9f5a-8a7828abd841,4,13,True,0.0,0.0,0.0,0,101.14,101.14,74.8,1
2021,d8ab3be7-930f-4fd3-9f5a-8a7828abd841,4,14,False,0.0,0.0,0.0,0,96.3,96.3,,1
2021,d8ab3be7-930f-4fd3-9f5a-8a7828abd841,4,15,True,-0.5,0.0,0.0,0,60.34,60.34,,1
2021,d8ab3be7-930f-4fd3-9f5a-8a7828abd841,4,16,True,8.1,0.0,0.0,0,90.14,90.14,,1
2021,d8ab3be7-930f-4fd3-9f5a-8a7828abd841,4,17,True,0.0,0.0,0.0,0,133.34,133.34,,1
2022,06d587c6-bffa-4ad5-9a8c-c00a0d231828,2,11,True,12.2,12.8,17.68,0,118.72,105.92,88.5,1
2022,06d587c6-bffa-4ad5-9a8c-c00a0d231828,2,12,True,-0.4,1.6,0.88,0,70.98,69.38,88.6,1
2022,06d587c6-bffa-4ad5-9a8c-c00a0d231828,2,13,True,4.4,-3.0,-5.09,0,105.26,108.26,104.74,1
2022,06d587c6-bffa-4ad5-9a8c-c00a0d231828,2,14,True,0.4,4.7,9.01,0,96.52,91.82,68.4,1
2022,06d587c6-bffa-4ad5-9a8c-c00a0d231828,2,15,True,2.8,-0.9,-0.74,0,75.98,76.88,,1
2022,06d587c6-bffa-4ad5-9a8c-c00a0d231828,2,16,True,2.0,6.3,11.4,0,89.26,82.96,,1
2022,06d587c6-bffa-4ad5-9a8c-c00a0d231828,2,17,True,4.1,9.2,6.94,0,119.6,110.4,,1
2022,06d587c6-bffa-4ad5-9a8c-c00a0d231828,3,11,True,-13.9,-6.5,-12.98,0,92.74,99.24,119.48,1
2022,06d587c6-bffa-4ad5-9a8c-c00a0d231828,3,12,True,3.5,-1.9,-3.14,0,86.84,88.74,108.64,1
2022,06d587c6-bffa-4ad5-9a8c-c00a0d231828,3,13,True,-4.4,6.0,9.1,0,85.44,79.44,85.94,1
2022,06d587c6-bffa-4ad5-9a8c-c00a0d231828,3,14,True,1.8,-16.1,-5.59,0,47.52,63.62,97.48,1
2022,06d587c6-bffa-4ad5-9a8c-c00a0d231828,3,15,True,-3.0,-7.9,-15.2,0,101.78,109.68,,1
2022,06d587c6-bffa-4ad5-9a8c-c00a0d231828,3,16,True,-2.3,7.5,10.11,0,113.94,106.44,,1
2022,06d587c6-bffa-4ad5-9a8c-c00a0d231828,3,17,True,-9.2,-3.9,-4.33,0,69.18,73.08,,1
2022,0e254c67-1573-4c65-908b-d15f91f28807,7,6,False,-5.5,0.0,0.0,0,83.8,83.8,89.42,1
2022,0e254c67-1573-4c65-908b-d15f91f28807,7,7,True,-27.8,0.4,0.36,0,74.72,74.32,103.42,1
2022,0e254c67-1573-4c65-908b-d15f91f28807,7,8,True,-1.4,-4.3,-0.68,0,153.3,157.6,133.66,1
2022,0e254c67-1573-4c65-908b-d15f91f28807,7,9,True,-16.4,-19.4,-36.74,0,88.02,107.42,82.6,1
2022,0e254c67-1573-4c65-908b-d15f91f28807,7,10,True,4.9,4.9,9.52,0,91.7,86.8,67.44,1
2022,0e254c67-1573-4c65-908b-d15f91f28807,7,11,True,4.7,6.8,10.85,0,88.5,81.7,118.72,1
2022,0e254c67-1573-4c65-908b-d15f91f28807,7,12,True,3.0,3.0,3.45,0,119.16,116.16,114.56,1
2022,0e254c67-1573-4c65-908b-d15f91f28807,7,13,True,12.2,20.0,5.67,0,141.5,121.5,104.42,1
2022,0e254c67-1573-4c65-908b-d15f91f28807,7,14,True,3.2,3.2,3.62,0,109.38,106.18,78.16,1
2022,0e254c67-1573-4c65-908b-d15f91f28807,7,15,True,-3.6,0.3,0.21,0,126.5,126.2,,1
2022,0e254c67-1573-4c65-908b-d15f91f28807,7,16,True,-2.56,-2.9,-5.52,0,87.3,90.2,,1
2022,0e254c67-1573-4c65-908b-d15f91f28807,7,17,True,-4.9,-8.0,-12.22,0,100.0,108.0,,1
2022,0e254c67-1573-4c65-908b-d15f91f28807,8,6,True,12.3,11.8,21.82,0,97.92,86.12,113.9,1
2022,0e254c67-1573-4c65-908b-d15f91f28807,8,7,True,21.3,23.3,43.23,1,103.22,79.92,100.56,1
2022,0e254c67-1573-4c65-908b-d15f91f28807,8,8,True,3.7,9.2,7.42,1,94.94,85.74,86.62,1
2022,0e254c67-1573-4c65-908b-d15f91f28807,8,9,True,19.4,21.14,4.51,0,149.4,128.26,76.22,1
2022,0e254c67-1573-4c65-908b-d15f91f28807,8,10,True,-4.9,-7.4,-6.29,0,67.44,74.84,91.7,1
2022,0e254c67-1573-4c65-908b-d15f91f28807,8,11,False,-2.3,0.0,0.0,0,111.1,111.1,77.16,1
2022,0e254c67-1573-4c65-908b-d15f91f28807,8,12,True,-3.0,12.2,24.19,0,103.36,91.16,88.66,1
2022,0e254c67-1573-4c65-908b-d15f91f28807,8,13,True,-16.5,3.6,7.21,0,99.8,96.2,76.36,1
2022,0e254c67-1573-4c65-908b-d15f91f28807,8,14,False,-3.7,0.0,0.0,0,103.68,103.68,83.36,1
2022,0e254c67-1573-4c65-908b-d15f91f28807,8,15,True,8.3,5.6,2.8,0,72.92,67.32,,1
2022,0e254c67-1573-4c65-908b-d15f91f28807,8,16,True,11.5,10.7,10.24,0,77.6,66.9,,1
2022,0e254c67-1573-4c65-908b-d15f91f28807,8,17,True,8.9,11.2,3.83,0,61.58,50.38,,1
2022,4b442e28-e7ea-4abf-8832-f0a640fac72c,7,2,True,-11.2,1.9,3.49,0,106.32,104.42,76.36,1
2022,4b442e28-e7ea-4abf-8832-f0a640fac72c,7,3,True,-5.23,3.07,3.3,0,110.6,107.53,74.7,1
2022,4b442e28-e7ea-4abf-8832-f0a640fac72c,7,4,True,-3.31,-4.01,-8.0,0,101.56,105.57,118.32,1
2022,4b442e28-e7ea-4abf-8832-f0a640fac72c,7,5,False,-3.63,0.0,0.0,0,113.48,113.48,68.86,1
2022,4b442e28-e7ea-4abf-8832-f0a640fac72c,7,6,True,7.87,3.37,6.66,0,83.8,80.43,89.42,1
2022,4b442e28-e7ea-4abf-8832-f0a640fac72c,7,7,True,-15.1,0.0,0.0,0,74.72,74.72,103.42,1
2022,4b442e28-e7ea-4abf-8832-f0a640fac72c,7,8,True,14.0,7.06,2.06,0,153.3,146.24,133.66,1
2022,4b442e28-e7ea-4abf-8832-f0a640fac72c,7,9,True,-14.1,0.0,0.0,0,88.02,88.02,82.6,1
2022,4b442e28-e7ea-4abf-8832-f0a640fac72c,7,10,True,-12.8,0.0,0.0,0,91.7,91.7,67.44,1
2022,4b442e28-e7ea-4abf-8832-f0a640fac72c,7,11,True,4.3,-3.59,-6.63,0,88.5,92.09,118.72,1
2022,4b442e28-e7ea-4abf-8832-f0a640fac72c,8,2,True,11.5,4.3,0.72,0,139.46,135.16,88.7,1
2022,4b442e28-e7ea-4abf-8832-f0a640fac72c,8,3,True,-2.2,2.7,2.9,0,70.48,67.78,77.14,1
2022,4b442e28-e7ea-4abf-8832-f0a640fac72c,8,4,True,3.8,4.6,7.4,0,91.0,86.4,92.68,1
2022,4b442e28-e7ea-4abf-8832-f0a640fac72c,8,5,True,6.5,0.0,0.0,0,90.12,90.12,119.94,1
2022,4b442e28-e7ea-4abf-8832-f0a640fac72c,8,6,True,9.1,0.0,0.0,0,97.92,97.92,113.9,1
2022,4b442e28-e7ea-4abf-8832-f0a640fac72c,8,7,True,5.5,0.0,0.0,0,103.22,103.22,100.56,1
2022,4b442e28-e7ea-4abf-8832-f0a640fac72c,8,8,True,-14.6,4.7,4.37,0,94.94,90.24,86.62,1
2022,4b442e28-e7ea-4abf-8832-f0a640fac72c,8,9,True,11.1,11.1,1.19,0,149.4,138.3,76.22,1
2022,4b442e28-e7ea-4abf-8832-f0a640fac72c,8,10,False,-1.4,0.0,0.0,0,67.44,67.44,91.7,1
2022,4b442e28-e7ea-4abf-8832-f0a640fac72c,8,11,True,-0.8,0.0,0.0,0,111.1,111.1,77.16,1
2022,4b442e28-e7ea-4abf-8832-f0a640fac72c,8,12,True,0.0,-0.1,-0.2,0,103.36,103.46,88.66,1
2022,4b442e28-e7ea-4abf-8832-f0a640fac72c,8,13,True,0.0,0.0,0.0,0,99.8,99.8,76.36,1
2022,4b442e28-e7ea-4abf-8832-f0a640fac72c,8,14,True,0.0,0.0,0.0,0,103.68,103.68,83.36,1
2022,4b442e28-e7ea-4abf-8832-f0a640fac72c,8,15,True,3.4,0.0,0.0,0,72.92,72.92,,1
2022,4b442e28-e7ea-4abf-8832-f0a640fac72c,8,16,True,0.0,0.0,0.0,0,77.6,77.6,,1
2022,4b442e28-e7ea-4abf-8832-f0a640fac72c,8,17,True,0.0,0.0,0.0,0,61.58,61.58,,1
2022,7b1994e1-e515-4576-9e98-090082ebb214,2,5,True,-0.8,-0.54,-0.94,0,96.54,97.08,88.1,1
2022,7b1994e1-e515-4576-9e98-090082ebb214,2,6,True,2.6,3.7,2.47,0,113.9,110.2,97.92,1
2022,7b1994e1-e515-4576-9e98-090082ebb214,2,7,True,0.5,0.0,0.0,0,109.9,109.9,84.8,1
2022,7b1994e1-e515-4576-9e98-090082ebb214,2,8,True,0.0,0.0,0.0,0,120.34,120.34,124.24,1
2022,7b1994e1-e515-4576-9e98-090082ebb214,2,9,True,11.8,11.8,19.74,0,116.72,104.92,121.1,1
2022,7b1994e1-e515-4576-9e98-090082ebb214,2,10,True,18.5,7.8,4.71,0,125.48,117.68,82.06,1
2022,7b1994e1-e515-4576-9e98-090082ebb214,8,5,True,0.0,4.3,5.16,0,90.12,85.82,119.94,1
2022,878c99b1-d06e-4344-aba7-dee69c6d972b,1,4,True,-24.3,0.6,1.08,0,92.68,92.08,91.0,1
2022,878c99b1-d06e-4344-aba7-dee69c6d972b,1,5,True,-15.3,-7.8,-11.15,0,88.1,95.9,96.54,1
2022,878c99b1-d06e-4344-aba7-dee69c6d972b,1,6,True,-3.0,0.0,0.0,0,71.08,71.08,51.84,1
2022,878c99b1-d06e-4344-aba7-dee69c6d972b,1,7,False,-7.1,0.0,0.0,0,80.36,80.36,145.24,1
2022,878c99b1-d06e-4344-aba7-dee69c6d972b,1,8,True,29.4,18.4,6.46,0,89.14,70.74,100.52,1
2022,878c99b1-d06e-4344-aba7-dee69c6d972b,1,9,True,-5.8,-5.5,-7.5,-1,82.6,88.1,88.02,1
2022,878c99b1-d06e-4344-aba7-dee69c6d972b,1,10,True,19.3,14.3,22.65,0,88.58,74.28,126.14,1
2022,878c99b1-d06e-4344-aba7-dee69c6d972b,1,11,True,-9.5,-8.8,-1.95,0,55.94,64.74,134.1,1
2022,878c99b1-d06e-4344-aba7-dee69c6d972b,1,12,True,-1.5,-8.4,-12.69,0,108.64,117.04,86.84,1
2022,878c99b1-d06e-4344-aba7-dee69c6d972b,1,13,True,22.46,6.1,5.54,0,76.36,70.26,99.8,1
2022,878c99b1-d06e-4344-aba7-dee69c6d972b,1,14,True,-3.1,-8.8,-16.43,0,78.16,86.96,109.38,1
2022,878c99b1-d06e-4344-aba7-dee69c6d972b,1,15,True,1.92,10.0,19.02,0,110.3,100.3,,1
2022,878c99b1-d06e-4344-aba7-dee69c6d972b,1,16,True,-8.6,-12.2,-3.28,0,125.26,137.46,,1
2022,878c99b1-d06e-4344-aba7-dee69c6d972b,1,17,True,-19.4,-23.7,-13.57,0,108.98,132.68,,1
2022,878c99b1-d06e-4344-aba7-dee69c6d972b,10,4,True,15.3,15.3,25.47,0,118.32,103.02,101.56,1
2022,878c99b1-d06e-4344-aba7-dee69c6d972b,10,5,True,19.8,20.3,1.51,0,162.86,142.56,124.28,1
2022,878c99b1-d06e-4344-aba7-dee69c6d972b,10,6,True,-2.0,-2.0,-3.93,-1,80.76,82.76,82.22,1
2022,878c99b1-d06e-4344-aba7-dee69c6d972b,10,7,True,38.0,15.5,2.4,0,145.24,129.74,80.36,1
2022,878c99b1-d06e-4344-aba7-dee69c6d972b,10,8,True,-12.2,0.0,0.0,0,86.62,86.62,94.94,1
2022,878c99b1-d06e-4344-aba7-dee69c6d972b,10,9,True,29.3,6.95,8.8,1,121.1,114.15,116.72,1
2022,878c99b1-d06e-4344-aba7-dee69c6d972b,10,10,True,-12.3,-14.3,-12.07,0,111.5,125.8,85.68,1
2022,878c99b1-d06e-4344-aba7-dee69c6d972b,10,11,True,11.3,8.8,10.67,0,119.48,110.68,92.74,1
2022,878c99b1-d06e-4344-aba7-dee69c6d972b,10,12,True,8.4,8.4,16.18,1,107.72,99.32,101.06,1
2022,878c99b1-d06e-4344-aba7-dee69c6d972b,10,13,True,1.9,-6.1,-10.14,0,104.42,110.52,141.5,1
2022,878c99b1-d06e-4344-aba7-dee69c6d972b,10,14,True,31.2,8.8,15.35,0,83.36,74.56,103.68,1
2022,878c99b1-d06e-4344-aba7-dee69c6d972b,10,15,True,14.0,-10.0,-14.2,0,110.56,120.56,,1
2022,878c99b1-d06e-4344-aba7-dee69c6d972b,10,16,True,20.8,12.2,22.43,0,92.98,80.78,,1
2022,878c99b1-d06e-4344-aba7-dee69c6d972b,10,17,True,20.2,23.7,33.94,0,86.8,63.1,,1
2022,93aff7c7-e080-457d-b85f-741f774aa316,2,6,True,26.5,14.3,13.83,0,113.9,99.6,97.92,1
2022,93aff7c7-e080-457d-b85f-741f774aa316,2,7,True,15.4,16.2,30.4,0,109.9,93.7,84.8,1
2022,93aff7c7-e080-457d-b85f-741f774aa316,2,8,False,-15.66,0.0,0.0,0,120.34,120.34,124.24,1
2022,93aff7c7-e080-457d-b85f-741f774aa316,2,9,False,-12.4,0.0,0.0,0,116.72,116.72,121.1,1
2022,93aff7c7-e080-457d-b85f-741f774aa316,2,10,False,-1.2,0.0,0.0,0,125.48,125.48,82.06,1
2022,93aff7c7-e080-457d-b85f-741f774aa316,2,11,False,7.0,0.0,0.0,0,118.72,118.72,88.5,1
2022,93aff7c7-e080-457d-b85f-741f774aa316,2,12,False,-3.4,0.0,0.0,0,70.98,70.98,88.6,1
2022,93aff7c7-e080-457d-b85f-741f774aa316,2,13,True,2.3,8.8,16.9,1,105.26,96.46,104.74,1
2022,93aff7c7-e080-457d-b85f-741f774aa316,2,14,True,15.4,15.4,30.27,0,96.52,81.12,68.4,1
2022,93aff7c7-e080-457d-b85f-741f774aa316,2,15,True,-5.4,-5.4,-5.15,0,75.98,81.38,,1
2022,93aff7c7-e080-457d-b85f-741f774aa316,2,16,True,-3.9,-14.4,-28.37,0,89.26,103.66,,1
2022,93aff7c7-e080-457d-b85f-741f774aa316,2,17,True,0.0,-5.2,-2.19,0,119.6,124.8,,1
2022,93aff7c7-e080-457d-b85f-741f774aa316,6,6,True,-25.5,-13.99,-8.72,0,51.84,65.83,71.08,1
2022,93aff7c7-e080-457d-b85f-741f774aa316,6,7,True,-16.2,-15.7,-26.17,-1,100.56,116.26,103.22,1
2022,93aff7c7-e080-457d-b85f-741f774aa316,6,8,True,15.3,14.7,28.69,1,124.24,109.54,120.34,1
2022,93aff7c7-e080-457d-b85f-741f774aa316,6,9,True,12.1,14.2,22.89,0,95.6,81.4,78.7,1
2022,93aff7c7-e080-457d-b85f-741f774aa316,6,10,True,2.2,-3.2,-5.96,0,85.68,88.88,111.5,1
2022,93aff7c7-e080-457d-b85f-741f774aa316,6,11,False,0.0,0.0,0.0,0,93.1,93.1,84.76,1
2022,93aff7c7-e080-457d-b85f-741f774aa316,6,12,True,3.4,7.2,11.38,0,114.56,107.36,119.16,1
2022,93aff7c7-e080-457d-b85f-741f774aa316,6,13,True,-2.3,-8.8,-10.7,0,74.28,83.08,83.72,1
2022,93aff7c7-e080-457d-b85f-741f774aa316,6,14,True,-15.3,-15.4,-23.07,0,68.4,83.8,96.52,1
2022,93aff7c7-e080-457d-b85f-741f774aa316,6,15,True,5.4,5.4,10.7,0,99.6,94.2,,1
2022,93aff7c7-e080-457d-b85f-741f774aa316,6,16,True,13.6,14.4,22.31,0,88.42,74.02,,1
2022,93aff7c7-e080-457d-b85f-741f774aa316,6,17,True,4.6,4.6,8.9,0,97.5,92.9,,1
2022,a6e7e33f-9b2e-41cb-a1eb-c5c6977e0b7e,2,5,True,-13.8,-5.0,-9.2,0,96.54,101.54,88.1,1
2022,a6e7e33f-9b2e-41cb-a1eb-c5c6977e0b7e,2,6,False,-9.0,0.0,0.0,0,113.9,113.9,97.92,1
2022,a6e7e33f-9b2e-41cb-a1eb-c5c6977e0b7e,2,7,True,-4.0,2.8,4.58,0,109.9,107.1,84.8,1
2022,a6e7e33f-9b2e-41cb-a1eb-c5c6977e0b7e,2,8,True,-26.66,-25.46,-32.58,-1,120.34,145.8,124.24,1
2022,a6e7e33f-9b2e-41cb-a1eb-c5c6977e0b7e,2,9,True,5.3,5.3,8.0,0,116.72,111.42,121.1,1
2022,a6e7e33f-9b2e-41cb-a1eb-c5c6977e0b7e,2,10,True,8.6,11.8,8.36,0,125.48,113.68,82.06,1
2022,a6e7e33f-9b2e-41cb-a1eb-c5c6977e0b7e,2,11,True,17.5,17.5,26.33,0,118.72,101.22,88.5,1
2022,a6e7e33f-9b2e-41cb-a1eb-c5c6977e0b7e,2,12,True,14.0,10.9,4.11,0,70.98,60.08,88.6,1
2022,a6e7e33f-9b2e-41cb-a1eb-c5c6977e0b7e,2,13,True,-9.7,-14.9,-20.15,0,105.26,120.16,104.74,1
2022,a6e7e33f-9b2e-41cb-a1eb-c5c6977e0b7e,2,14,False,-37.4,0.0,0.0,0,96.52,96.52,68.4,1
2022,a6e7e33f-9b2e-41cb-a1eb-c5c6977e0b7e,2,15,True,-12.1,-23.9,-35.26,0,75.98,99.88,,1
2022,a6e7e33f-9b2e-41cb-a1eb-c5c6977e0b7e,2,16,False,8.2,0.0,0.0,0,89.26,89.26,,1
2022,a6e7e33f-9b2e-41cb-a1eb-c5c6977e0b7e,2,17,True,-20.6,0.0,0.0,0,119.6,119.6,,1
2022,a6e7e33f-9b2e-41cb-a1eb-c5c6977e0b7e,4,5,True,12.6,20.0,34.47,0,124.28,104.28,162.86,1
2022,a6e7e33f-9b2e-41cb-a1eb-c5c6977e0b7e,4,6,True,13.3,13.6,26.86,0,92.92,79.32,93.5,1
2022,a6e7e33f-9b2e-41cb-a1eb-c5c6977e0b7e,4,7,True,1.7,1.7,3.27,0,103.42,101.72,74.72,1
2022,a6e7e33f-9b2e-41cb-a1eb-c5c6977e0b7e,4,8,True,24.66,26.66,44.57,0,117.8,91.14,129.4,1
2022,a6e7e33f-9b2e-41cb-a1eb-c5c6977e0b7e,4,9,False,-3.8,0.0,0.0,0,94.34,94.34,105.3,1
2022,a6e7e33f-9b2e-41cb-a1eb-c5c6977e0b7e,4,10,True,-8.6,13.4,9.58,0,126.14,112.74,88.58,1
2022,a6e7e33f-9b2e-41cb-a1eb-c5c6977e0b7e,4,11,True,-12.2,-15.3,-22.89,0,77.16,92.46,111.1,1
2022,a6e7e33f-9b2e-41cb-a1eb-c5c6977e0b7e,4,12,True,-9.3,-10.9,-20.74,0,88.6,99.5,70.98,1
2022,a6e7e33f-9b2e-41cb-a1eb-c5c6977e0b7e,4,13,True,9.0,10.3,13.11,1,83.72,73.42,74.28,1
2022,a6e7e33f-9b2e-41cb-a1eb-c5c6977e0b7e,4,14,True,43.1,43.49,64.35,0,97.48,53.99,47.52,1
2022,a6e7e33f-9b2e-41cb-a1eb-c5c6977e0b7e,4,15,True,15.6,19.9,36.7,0,114.94,95.04,,1
2022,a6e7e33f-9b2e-41cb-a1eb-c5c6977e0b7e,4,16,True,8.1,-0.4,-0.67,0,105.06,105.46,,1
2022,a6e7e33f-9b2e-41cb-a1eb-c5c6977e0b7e,4,17,True,21.1,1.5,2.1,0,106.32,104.82,,1
2022,b4a3c545-f77d-49a0-a63d-00bc5155e6e2,1,5,True,9.7,11.3,9.75,0,88.1,76.8,96.54,1
2022,b4a3c545-f77d-49a0-a63d-00bc5155e6e2,1,6,True,-2.2,0.7,0.99,0,71.08,70.38,51.84,1
2022,b4a3c545-f77d-49a0-a63d-00bc5155e6e2,1,7,False,2.5,0.0,0.0,0,80.36,80.36,145.24,1
2022,b4a3c545-f77d-49a0-a63d-00bc5155e6e2,1,8,True,8.1,2.9,1.83,0,89.14,86.24,100.52,1
2022,b4a3c545-f77d-49a0-a63d-00bc5155e6e2,1,9,True,17.65,16.4,12.12,0,82.6,66.2,88.02,1
2022,b4a3c545-f77d-49a0-a63d-00bc5155e6e2,1,10,True,1.75,-5.2,-10.28,0,88.58,93.78,126.14,1
2022,b4a3c545-f77d-49a0-a63d-00bc5155e6e2,1,11,False,-10.65,0.0,0.0,0,55.94,55.94,134.1,1
2022,b4a3c545-f77d-49a0-a63d-00bc5155e6e2,1,12,False,9.15,0.0,0.0,0,108.64,108.64,86.84,1
2022,b4a3c545-f77d-49a0-a63d-00bc5155e6e2,1,13,False,18.56,0.0,0.0,0,76.36,76.36,99.8,1
2022,b4a3c545-f77d-49a0-a63d-00bc5155e6e2,1,14,False,5.0,0.0,0.0,0,78.16,78.16,109.38,1
2022,b4a3c545-f77d-49a0-a63d-00bc5155e6e2,1,15,False,-3.38,0.0,0.0,0,110.3,110.3,,1
2022,b4a3c545-f77d-49a0-a63d-00bc5155e6e2,1,16,False,6.19,0.0,0.0,0,125.26,125.26,,1
2022,b4a3c545-f77d-49a0-a63d-00bc5155e6e2,1,17,False,20.45,0.0,0.0,0,108.98,108.98,,1
2022,b4a3c545-f77d-49a0-a63d-00bc5155e6e2,9,5,True,-9.7,-12.0,-4.93,0,68.86,80.86,113.48,1
2022,b4a3c545-f77d-49a0-a63d-00bc5155e6e2,9,6,True,3.1,-0.7,-1.27,0,93.5,94.2,92.92,1
2022,b4a3c545-f77d-49a0-a63d-00bc5155e6e2,9,7,True,15.6,4.3,2.01,0,68.6,64.3,100.52,1
2022,b4a3c545-f77d-49a0-a63d-00bc5155e6e2,9,8,True,-3.2,-3.2,-4.93,0,100.52,103.72,89.14,1
2022,b4a3c545-f77d-49a0-a63d-00bc5155e6e2,9,9,True,-18.0,-16.5,-20.87,0,76.22,92.72,149.4,1
2022,b4a3c545-f77d-49a0-a63d-00bc5155e6e2,9,10,True,0.3,6.0,8.53,0,82.06,76.06,125.48,1
2022,b4a3c545-f77d-49a0-a63d-00bc5155e6e2,9,11,True,21.7,14.2,16.07,0,84.76,70.56,93.1,1
2022,b4a3c545-f77d-49a0-a63d-00bc5155e6e2,9,12,True,-15.1,-17.1,-29.02,-1,101.06,118.16,107.72,1
2022,b4a3c545-f77d-49a0-a63d-00bc5155e6e2,9,13,True,-9.9,-9.9,-18.78,0,85.94,95.84,85.44,1
2022,b4a3c545-f77d-49a0-a63d-00bc5155e6e2,9,14,True,2.6,2.6,1.31,0,119.6,117.0,84.0,1
2022,b4a3c545-f77d-49a0-a63d-00bc5155e6e2,9,15,False,-4.4,0.0,0.0,0,63.44,63.44,,1
2022,b4a3c545-f77d-49a0-a63d-00bc5155e6e2,9,16,False,6.9,0.0,0.0,0,74.7,74.7,,1
2022,b4a3c545-f77d-49a0-a63d-00bc5155e6e2,9,17,True,2.1,-0.3,-0.34,0,70.96,71.26,,1
2022,c491ecf4-6dd6-4a83-9a32-32eccd9fc7e4,2,3,True,26.2,27.1,45.17,1,110.7,83.6,90.78,1
2022,c491ecf4-6dd6-4a83-9a32-32eccd9fc7e4,2,4,True,-1.2,-2.5,-4.04,0,111.58,114.08,99.8,1
2022,c491ecf4-6dd6-4a83-9a32-32eccd9fc7e4,2,5,True,8.8,3.1,5.13,0,96.54,93.44,88.1,1
2022,c491ecf4-6dd6-4a83-9a32-32eccd9fc7e4,2,6,True,25.0,22.0,26.24,1,113.9,91.9,97.92,1
2022,c491ecf4-6dd6-4a83-9a32-32eccd9fc7e4,2,7,True,4.9,-2.8,-4.14,0,109.9,112.7,84.8,1
2022,c491ecf4-6dd6-4a83-9a32-32eccd9fc7e4,2,8,True,5.2,1.2,2.33,0,120.34,119.14,124.24,1
2022,c491ecf4-6dd6-4a83-9a32-32eccd9fc7e4,2,9,True,-12.8,-11.2,-11.35,-1,116.72,127.92,121.1,1
2022,c491ecf4-6dd6-4a83-9a32-32eccd9fc7e4,2,10,False,3.3,0.0,0.0,0,125.48,125.48,82.06,1
2022,c491ecf4-6dd6-4a83-9a32-32eccd9fc7e4,2,11,True,14.6,17.9,27.11,0,118.72,100.82,88.5,1
2022,c491ecf4-6dd6-4a83-9a32-32eccd9fc7e4,2,12,True,25.18,1.39,0.77,0,70.98,69.59,88.6,1
2022,c491ecf4-6dd6-4a83-9a32-32eccd9fc7e4,2,13,True,10.6,1.93,3.5,1,105.26,103.33,104.74,1
2022,c491ecf4-6dd6-4a83-9a32-32eccd9fc7e4,2,14,True,6.0,0.71,1.31,0,96.52,95.81,68.4,1
2022,c491ecf4-6dd6-4a83-9a32-32eccd9fc7e4,2,15,True,0.0,-2.9,-2.55,0,75.98,78.88,,1
2022,c491ecf4-6dd6-4a83-9a32-32eccd9fc7e4,2,16,True,17.8,-2.2,-4.31,0,89.26,91.46,,1
2022,c491ecf4-6dd6-4a83-9a32-32eccd9fc7e4,2,17,True,5.5,5.5,3.6,0,119.6,114.1,,1
2022,c491ecf4-6dd6-4a83-9a32-32eccd9fc7e4,6,3,True,-22.1,-5.1,-8.1,0,74.7,79.8,110.6,1
2022,c491ecf4-6dd6-4a83-9a32-32eccd9fc7e4,6,4,True,-0.4,-1.2,-1.45,0,82.34,83.54,114.56,1
2022,c491ecf4-6dd6-4a83-9a32-32eccd9fc7e4,6,5,True,-5.4,0.0,0.0,0,64.16,64.16,135.1,1
2022,c491ecf4-6dd6-4a83-9a32-32eccd9fc7e4,6,6,True,-22.5,0.0,0.0,0,51.84,51.84,71.08,1
2022,c491ecf4-6dd6-4a83-9a32-32eccd9fc7e4,6,7,False,5.27,0.0,0.0,0,100.56,100.56,103.22,1
2022,c491ecf4-6dd6-4a83-9a32-32eccd9fc7e4,6,8,True,-4.44,3.1,5.67,0,124.24,121.14,120.34,1
2022,c491ecf4-6dd6-4a83-9a32-32eccd9fc7e4,6,9,True,-0.5,16.0,24.97,0,95.6,79.6,78.7,1
2022,c491ecf4-6dd6-4a83-9a32-32eccd9fc7e4,6,10,True,-2.2,2.9,5.02,0,85.68,82.78,111.5,1
2022,c491ecf4-6dd6-4a83-9a32-32eccd9fc7e4,6,11,False,-1.55,0.0,0.0,0,93.1,93.1,84.76,1
2022,c491ecf4-6dd6-4a83-9a32-32eccd9fc7e4,6,12,False,-2.8,0.0,0.0,0,114.56,114.56,119.16,1
2022,c491ecf4-6dd6-4a83-9a32-32eccd9fc7e4,6,13,False,-7.7,0.0,0.0,0,74.28,74.28,83.72,1
2022,c491ecf4-6dd6-4a83-9a32-32eccd9fc7e4,6,14,False,7.5,0.0,0.0,0,68.4,68.4,96.52,1
2022,c491ecf4-6dd6-4a83-9a32-32eccd9fc7e4,6,15,False,-14.4,0.0,0.0,0,99.6,99.6,,1
2022,c491ecf4-6dd6-4a83-9a32-32eccd9fc7e4,6,16,True,-20.8,2.2,4.09,0,88.42,86.22,,1
2022,c491ecf4-6dd6-4a83-9a32-32eccd9fc7e4,6,17,True,-4.0,-5.5,-9.58,0,97.5,103.0,,1
2023,08b479d1-54a7-47c0-bfb4-2d8c44f80bc5,2,9,True,12.0,18.77,25.29,0,116.86,98.09,74.72,1
2023,08b479d1-54a7-47c0-bfb4-2d8c44f80bc5,2,10,True,-7.3,-4.4,-3.11,0,127.38,131.78,126.08,1
2023,08b479d1-54a7-47c0-bfb4-2d8c44f80bc5,2,11,False,-19.0,0.0,0.0,0,76.26,76.26,86.98,1
2023,08b479d1-54a7-47c0-bfb4-2d8c44f80bc5,2,12,True,5.7,5.4,5.34,0,129.84,124.44,76.54,1
2023,08b479d1-54a7-47c0-bfb4-2d8c44f80bc5,2,13,True,6.1,7.1,10.08,0,129.26,122.16,98.96,1
2023,08b479d1-54a7-47c0-bfb4-2d8c44f80bc5,2,14,True,0.0,2.0,3.26,0,105.04,103.04,,1
2023,08b479d1-54a7-47c0-bfb4-2d8c44f80bc5,2,15,False,0.82,0.0,0.0,0,163.52,163.52,,1
2023,08b479d1-54a7-47c0-bfb4-2d8c44f80bc5,2,16,True,8.2,10.1,15.13,0,113.02,102.92,,1
2023,08b479d1-54a7-47c0-bfb4-2d8c44f80bc5,2,17,True,0.0,-3.0,-3.56,1,118.7,121.7,,1
2023,08b479d1-54a7-47c0-bfb4-2d8c44f80bc5,5,9,True,-10.3,-3.8,-1.07,0,131.0,134.8,85.2,1
2023,08b479d1-54a7-47c0-bfb4-2d8c44f80bc5,5,10,True,7.5,6.0,9.79,0,112.64,106.64,78.5,1
2023,08b479d1-54a7-47c0-bfb4-2d8c44f80bc5,5,11,True,12.5,12.7,22.14,0,103.94,91.24,112.46,1
2023,08b479d1-54a7-47c0-bfb4-2d8c44f80bc5,5,12,True,-4.9,-8.1,-5.94,0,128.86,136.96,100.78,1
2023,08b479d1-54a7-47c0-bfb4-2d8c44f80bc5,5,13,True,-6.1,3.9,6.62,0,120.26,116.36,130.14,1
2023,08b479d1-54a7-47c0-bfb4-2d8c44f80bc5,5,14,True,-2.0,-2.0,-1.5,0,68.44,70.44,,1
2023,08b479d1-54a7-47c0-bfb4-2d8c44f80bc5,5,15,False,11.28,0.0,0.0,0,75.26,75.26,,1
2023,08b479d1-54a7-47c0-bfb4-2d8c44f80bc5,5,16,True,-8.4,-10.1,-17.3,0,87.84,97.94,,1
2023,08b479d1-54a7-47c0-bfb4-2d8c44f80bc5,5,17,False,0.0,0.0,0.0,0,69.02,69.02,,1
2023,26fd03bc-e63d-41f7-9bdf-bf2803bbd852,2,12,True,1.28,10.5,11.65,0,129.84,119.34,76.54,1
2023,26fd03bc-e63d-41f7-9bdf-bf2803bbd852,2,13,True,12.36,12.36,18.7,0,129.26,116.9,98.96,1
2023,26fd03bc-e63d-41f7-9bdf-bf2803bbd852,2,14,True,-5.52,-2.94,-4.56,0,105.04,107.98,,1
2023,26fd03bc-e63d-41f7-9bdf-bf2803bbd852,2,15,True,17.69,18.15,0.52,0,163.52,145.37,,1
2023,26fd03bc-e63d-41f7-9bdf-bf2803bbd852,2,16,True,-8.6,-2.24,-2.78,0,113.02,115.26,,1
2023,26fd03bc-e63d-41f7-9bdf-bf2803bbd852,2,17,True,3.33,4.19,5.66,1,118.7,114.51,,1
2023,26fd03bc-e63d-41f7-9bdf-bf2803bbd852,7,12,True,12.64,18.84,10.86,0,144.86,126.02,106.46,1
2023,26fd03bc-e63d-41f7-9bdf-bf2803bbd852,7,13,False,-17.8,0.0,0.0,0,130.14,130.14,120.26,1
2023,26fd03bc-e63d-41f7-9bdf-bf2803bbd852,7,14,True,6.88,6.88,12.13,0,99.12,92.24,,1
2023,26fd03bc-e63d-41f7-9bdf-bf2803bbd852,7,15,True,-10.44,0.46,0.8,0,92.46,92.0,,1
2023,26fd03bc-e63d-41f7-9bdf-bf2803bbd852,7,16,True,8.28,8.28,6.92,0,75.78,67.5,,1
2023,26fd03bc-e63d-41f7-9bdf-bf2803bbd852,7,17,True,6.06,9.16,15.27,0,99.36,90.2,,1
2023,40cccc05-5637-49e6-bd35-f5f19c3568aa,2,10,True,1.5,-21.98,-9.15,0,127.38,149.36,126.08,1
2023,40cccc05-5637-49e6-bd35-f5f19c3568aa,2,11,True,-21.76,-26.0,-40.09,-1,76.26,102.26,86.98,1
2023,40cccc05-5637-49e6-bd35-f5f19c3568aa,2,12,True,11.6,0.0,0.0,0,129.84,129.84,76.54,1
2023,40cccc05-5637-49e6-bd35-f5f19c3568aa,2,13,False,6.9,0.0,0.0,0,129.26,129.26,98.96,1
2023,40cccc05-5637-49e6-bd35-f5f19c3568aa,2,14,True,-10.4,-20.1,-23.66,0,105.04,125.14,,1
2023,40cccc05-5637-49e6-bd35-f5f19c3568aa,8,10,True,1.38,6.58,6.58,0,83.16,76.58,91.92,1
2023,40cccc05-5637-49e6-bd35-f5f19c3568aa,8,11,True,25.86,23.26,38.96,1,103.96,80.7,96.76,1
2023,40cccc05-5637-49e6-bd35-f5f19c3568aa,8,12,True,-37.52,-25.42,-30.53,0,76.54,101.96,129.84,1
2023,40cccc05-5637-49e6-bd35-f5f19c3568aa,8,13,True,10.7,-5.4,-3.54,0,81.6,87.0,132.42,1
2023,40cccc05-5637-49e6-bd35-f5f19c3568aa,8,14,True,8.0,18.4,22.91,0,87.4,69.0,,1
2023,40cccc05-5637-49e6-bd35-f5f19c3568aa,8,15,True,1.4,5.5,6.09,0,78.66,73.16,,1
2023,40cccc05-5637-49e6-bd35-f5f19c3568aa,8,16,True,-7.28,-2.7,-4.72,0,92.5,95.2,,1
2023,40cccc05-5637-49e6-bd35-f5f19c3568aa,8,17,True,3.02,-10.78,-18.08,0,103.18,113.96,,1
2023,4b9411ac-aae6-4566-9153-a7d03f71f458,3,8,True,2.1,0.1,0.18,0,107.56,107.46,77.76,1
2023,4b9411ac-aae6-4566-9153-a7d03f71f458,3,9,True,17.7,17.7,30.54,0,101.2,83.5,57.22,1
2023,4b9411ac-aae6-4566-9153-a7d03f71f458,3,10,True,-4.7,0.7,0.91,0,86.22,85.52,97.62,1
2023,4b9411ac-aae6-4566-9153-a7d03f71f458,3,11,True,-7.8,-7.9,-13.31,0,87.1,95.0,105.84,1
2023,4b9411ac-aae6-4566-9153-a7d03f71f458,3,12,True,-0.7,-2.1,-0.06,0,45.86,47.96,102.18,1
2023,4b9411ac-aae6-4566-9153-a7d03f71f458,3,13,True,-7.1,3.0,3.96,0,129.54,126.54,88.38,1
2023,4b9411ac-aae6-4566-9153-a7d03f71f458,3,14,True,1.6,8.0,5.11,0,128.56,120.56,,1
2023,4b9411ac-aae6-4566-9153-a7d03f71f458,3,15,True,20.6,10.8,18.94,0,100.62,89.82,,1
2023,4b9411ac-aae6-4566-9153-a7d03f71f458,3,16,True,35.1,-34.8,-52.85,0,88.92,123.72,,1
2023,4b9411ac-aae6-4566-9153-a7d03f71f458,3,17,True,7.8,8.9,0.54,0,53.0,44.1,,1
2023,4b9411ac-aae6-4566-9153-a7d03f71f458,7,8,True,-0.4,-3.0,-4.91,0,99.0,102.0,86.18,1
2023,4b9411ac-aae6-4566-9153-a7d03f71f458,7,9,True,-9.4,-9.0,-13.64,0,100.9,109.9,86.98,1
2023,4b9411ac-aae6-4566-9153-a7d03f71f458,7,10,True,6.3,2.2,3.37,0,91.92,89.72,83.16,1
2023,4b9411ac-aae6-4566-9153-a7d03f71f458,7,11,True,10.8,8.0,11.36,0,86.98,78.98,76.26,1
2023,4b9411ac-aae6-4566-9153-a7d03f71f458,7,12,True,1.9,7.7,2.88,0,144.86,137.16,106.46,1
2023,4b9411ac-aae6-4566-9153-a7d03f71f458,7,13,True,7.9,12.1,17.82,1,130.14,118.04,120.26,1
2023,4b9411ac-aae6-4566-9153-a7d03f71f458,7,14,True,-1.6,-1.6,-2.78,0,99.12,100.72,,1
2023,4b9411ac-aae6-4566-9153-a7d03f71f458,7,15,True,-13.6,4.5,7.68,0,92.46,87.96,,1
2023,4b9411ac-aae6-4566-9153-a7d03f71f458,7,16,True,-37.1,4.4,4.07,0,75.78,71.38,,1
2023,4b9411ac-aae6-4566-9153-a7d03f71f458,7,17,True,-7.4,1.9,3.32,0,99.36,97.46,,1
2023,51708b7e-3950-4886-9c94-2e57528a808d,7,8,True,-13.47,-0.07,-0.11,0,99.0,99.07,86.18,1
2023,51708b7e-3950-4886-9c94-2e57528a808d,7,9,False,-13.07,0.0,0.0,0,100.9,100.9,86.98,1
2023,51708b7e-3950-4886-9c94-2e57528a808d,7,10,True,5.1,-9.1,-15.36,0,91.92,101.02,83.16,1
2023,51708b7e-3950-4886-9c94-2e57528a808d,7,11,True,-14.0,-0.5,-0.79,0,86.98,87.48,76.26,1
2023,51708b7e-3950-4886-9c94-2e57528a808d,9,8,True,15.7,24.4,33.4,1,133.12,108.72,121.06,1
2023,51708b7e-3950-4886-9c94-2e57528a808d,9,9,True,5.8,13.2,14.59,0,119.42,106.22,64.58,1
2023,51708b7e-3950-4886-9c94-2e57528a808d,9,10,True,1.5,8.1,8.58,0,126.08,117.98,127.38,1
2023,51708b7e-3950-4886-9c94-2e57528a808d,9,11,True,15.3,11.6,17.89,0,91.64,80.04,102.6,1
2023,51708b7e-3950-4886-9c94-2e57528a808d,9,12,True,-19.1,-12.7,-22.17,0,100.78,113.48,128.86,1
2023,51708b7e-3950-4886-9c94-2e57528a808d,9,13,False,-29.2,0.0,0.0,0,88.38,88.38,129.54,1
2023,51708b7e-3950-4886-9c94-2e57528a808d,9,14,True,0.0,0.2,0.29,0,83.64,83.44,,1
2023,51708b7e-3950-4886-9c94-2e57528a808d,9,15,True,-10.7,0.0,0.0,0,111.12,111.12,,1
2023,51708b7e-3950-4886-9c94-2e57528a808d,9,16,True,2.4,3.2,2.11,0,126.92,123.72,,1
2023,51708b7e-3950-4886-9c94-2e57528a808d,9,17,True,7.1,2.1,3.71,0,101.78,99.68,,1
2023,64974a6d-2ab2-45cd-a87d-0e5d99c46721,1,3,True,-6.8,-0.2,-0.35,0,110.18,110.38,88.88,1
2023,64974a6d-2ab2-45cd-a87d-0e5d99c46721,1,4,True,-12.0,-5.0,-2.04,0,134.16,139.16,122.7,1
2023,64974a6d-2ab2-45cd-a87d-0e5d99c46721,1,5,True,6.3,5.2,2.33,0,65.52,60.32,68.12,1
2023,64974a6d-2ab2-45cd-a87d-0e5d99c46721,1,6,True,-3.6,-8.3,-11.94,0,68.9,77.2,94.22,1
2023,64974a6d-2ab2-45cd-a87d-0e5d99c46721,1,7,True,-10.5,-12.5,-20.04,0,81.66,94.16,71.96,1
2023,64974a6d-2ab2-45cd-a87d-0e5d99c46721,1,8,True,1.0,0.0,0.0,0,121.06,121.06,133.12,1
2023,64974a6d-2ab2-45cd-a87d-0e5d99c46721,1,9,False,-12.4,0.0,0.0,0,86.98,86.98,100.9,1
2023,64974a6d-2ab2-45cd-a87d-0e5d99c46721,1,10,True,-8.6,-21.3,-35.21,0,97.62,118.92,86.22,1
2023,64974a6d-2ab2-45cd-a87d-0e5d99c46721,1,11,True,-1.1,0.0,0.0,0,102.6,102.6,91.64,1
2023,64974a6d-2ab2-45cd-a87d-0e5d99c46721,1,12,True,-4.0,-4.0,-2.87,0,131.0,135.0,88.78,1
2023,64974a6d-2ab2-45cd-a87d-0e5d99c46721,1,13,True,-13.6,-15.0,-11.43,0,132.42,147.42,81.6,1
2023,64974a6d-2ab2-45cd-a87d-0e5d99c46721,1,14,True,0.0,0.0,0.0,0,71.48,71.48,,1
2023,64974a6d-2ab2-45cd-a87d-0e5d99c46721,1,15,True,-1.8,-13.3,-11.93,0,66.12,79.42,,1
2023,64974a6d-2ab2-45cd-a87d-0e5d99c46721,1,16,True,11.5,0.0,0.0,0,110.62,110.62,,1
2023,64974a6d-2ab2-45cd-a87d-0e5d99c46721,1,17,True,-23.7,0.0,0.0,0,93.28,93.28,,1
2023,64974a6d-2ab2-45cd-a87d-0e5d99c46721,8,3,True,11.4,8.6,6.85,0,85.78,77.18,127.26,1
2023,64974a6d-2ab2-45cd-a87d-0e5d99c46721,8,4,True,12.0,14.3,24.57,0,111.42,97.12,149.52,1
2023,64974a6d-2ab2-45cd-a87d-0e5d99c46721,8,5,True,3.3,-19.1,-31.46,0,94.34,113.44,79.16,1
2023,64974a6d-2ab2-45cd-a87d-0e5d99c46721,8,6,True,3.2,-2.1,-2.69,0,68.36,70.46,100.2,1
2023,64974a6d-2ab2-45cd-a87d-0e5d99c46721,8,7,True,6.8,5.8,6.36,0,118.3,112.5,145.88,1
2023,64974a6d-2ab2-45cd-a87d-0e5d99c46721,8,8,True,0.0,-9.7,-16.92,0,101.56,111.26,119.32,1
2023,64974a6d-2ab2-45cd-a87d-0e5d99c46721,8,9,True,14.0,-4.7,-1.97,0,57.22,61.92,101.2,1
2023,64974a6d-2ab2-45cd-a87d-0e5d99c46721,8,10,True,13.7,10.8,9.76,0,83.16,72.36,91.92,1
2023,64974a6d-2ab2-45cd-a87d-0e5d99c46721,8,11,True,1.2,-1.4,-2.3,0,103.96,105.36,96.76,1
2023,64974a6d-2ab2-45cd-a87d-0e5d99c46721,8,12,True,4.0,1.2,0.74,0,76.54,75.34,129.84,1
2023,64974a6d-2ab2-45cd-a87d-0e5d99c46721,8,13,True,15.0,17.16,5.2,0,81.6,64.44,132.42,1
2023,64974a6d-2ab2-45cd-a87d-0e5d99c46721,8,14,True,-1.1,-0.8,-1.31,0,87.4,88.2,,1
2023,64974a6d-2ab2-45cd-a87d-0e5d99c46721,8,15,True,2.9,5.2,5.79,0,78.66,73.46,,1
2023,64974a6d-2ab2-45cd-a87d-0e5d99c46721,8,16,True,-13.2,9.08,14.64,0,92.5,83.42,,1
2023,64974a6d-2ab2-45cd-a87d-0e5d99c46721,8,17,True,29.1,15.5,25.91,0,103.18,87.68,,1
2023,798cb7fd-7150-4506-b097-a4876be934d8,3,10,True,7.9,-2.2,-3.0,0,86.22,88.42,97.62,1
2023,798cb7fd-7150-4506-b097-a4876be934d8,3,11,True,-4.14,-4.14,-6.8,0,87.1,91.24,105.84,1
2023,798cb7fd-7150-4506-b097-a4876be934d8,3,12,True,10.0,0.0,0.0,0,45.86,45.86,102.18,1
2023,798cb7fd-7150-4506-b097-a4876be934d8,3,13,True,14.95,0.0,0.0,0,129.54,129.54,88.38,1
2023,798cb7fd-7150-4506-b097-a4876be934d8,3,14,True,0.5,-10.5,-3.48,0,128.56,139.06,,1
2023,798cb7fd-7150-4506-b097-a4876be934d8,3,15,True,13.0,6.6,11.6,0,100.62,94.02,,1
2023,798cb7fd-7150-4506-b097-a4876be934d8,3,16,True,-5.3,-5.3,-9.01,0,88.92,94.22,,1
2023,798cb7fd-7150-4506-b097-a4876be934d8,3,17,True,1.3,1.3,0.12,0,53.0,51.7,,1
2023,7a394a21-1833-45b9-9dc6-f32a0fd6642b,1,9,True,15.7,15.7,21.75,0,86.98,71.28,100.9,1
2023,7a394a21-1833-45b9-9dc6-f32a0fd6642b,1,10,True,-3.3,-9.7,-17.04,0,97.62,107.32,86.22,1
2023,7a394a21-1833-45b9-9dc6-f32a0fd6642b,1,11,True,-18.0,-18.0,-24.81,0,102.6,120.6,91.64,1
2023,7a394a21-1833-45b9-9dc6-f32a0fd6642b,1,12,True,7.5,1.8,1.52,0,131.0,129.2,88.78,1
2023,7a394a21-1833-45b9-9dc6-f32a0fd6642b,1,13,True,36.9,40.1,62.47,0,132.42,92.32,81.6,1
2023,7a394a21-1833-45b9-9dc6-f32a0fd6642b,1,14,True,-2.4,12.3,7.41,0,71.48,59.18,,1
2023,7a394a21-1833-45b9-9dc6-f32a0fd6642b,1,15,True,-36.8,-29.0,-35.78,0,66.12,95.12,,1
2023,7a394a21-1833-45b9-9dc6-f32a0fd6642b,1,16,True,13.68,15.68,25.85,0,110.62,94.94,,1
2023,7a394a21-1833-45b9-9dc6-f32a0fd6642b,1,17,True,-15.0,-7.0,-11.9,0,93.28,100.28,,1
2023,7a394a21-1833-45b9-9dc6-f32a0fd6642b,4,9,True,-14.7,-15.7,-23.02,0,74.72,90.42,116.86,1
2023,7a394a21-1833-45b9-9dc6-f32a0fd6642b,4,10,True,6.3,7.8,5.75,0,78.5,70.7,112.64,1
2023,7a394a21-1833-45b9-9dc6-f32a0fd6642b,4,11,True,17.4,16.9,27.34,0,96.76,79.86,103.96,1
2023,7a394a21-1833-45b9-9dc6-f32a0fd6642b,4,12,True,-5.8,-1.8,-2.34,0,88.78,90.58,131.0,1
2023,7a394a21-1833-45b9-9dc6-f32a0fd6642b,4,13,True,-38.0,-36.9,-50.41,0,83.5,120.4,132.38,1
2023,7a394a21-1833-45b9-9dc6-f32a0fd6642b,4,14,True,5.0,5.0,4.03,0,123.62,118.62,,1
2023,7a394a21-1833-45b9-9dc6-f32a0fd6642b,4,15,True,34.9,21.4,33.07,0,114.84,93.44,,1
2023,7a394a21-1833-45b9-9dc6-f32a0fd6642b,4,16,True,-12.78,-20.98,-35.17,0,83.4,104.38,,1
2023,7a394a21-1833-45b9-9dc6-f32a0fd6642b,4,17,True,9.4,18.3,17.0,0,133.32,115.02,,1
2023,b4c41566-2bb4-446f-a8e5-eae1ec13a48a,5,9,True,48.7,23.68,18.35,0,131.0,107.32,85.2,1
2023,b4c41566-2bb4-446f-a8e5-eae1ec13a48a,5,10,True,-2.08,-2.08,-3.12,0,112.64,114.72,78.5,1
2023,b4c41566-2bb4-446f-a8e5-eae1ec13a48a,5,11,True,1.4,3.2,5.44,0,103.94,100.74,112.46,1
2023,b4c41566-2bb4-446f-a8e5-eae1ec13a48a,5,12,True,13.9,14.98,18.85,0,128.86,113.88,100.78,1
2023,b4c41566-2bb4-446f-a8e5-eae1ec13a48a,5,13,True,22.9,24.84,41.27,0,120.26,95.42,130.14,1
2023,b4c41566-2bb4-446f-a8e5-eae1ec13a48a,5,14,True,0.0,-2.0,-1.5,0,68.44,70.44,,1
2023,b4c41566-2bb4-446f-a8e5-eae1ec13a48a,5,15,False,-16.46,0.0,0.0,0,75.26,75.26,,1
2023,b4c41566-2bb4-446f-a8e5-eae1ec13a48a,5,16,True,0.66,5.9,8.81,0,87.84,81.94,,1
2023,b4c41566-2bb4-446f-a8e5-eae1ec13a48a,5,17,True,5.18,5.18,2.04,0,69.02,63.84,,1
2023,b4c41566-2bb4-446f-a8e5-eae1ec13a48a,7,9,False,-29.1,0.0,0.0,0,100.9,100.9,86.98,1
2023,b4c41566-2bb4-446f-a8e5-eae1ec13a48a,7,10,True,2.08,1.58,2.44,0,91.92,90.34,83.16,1
2023,b4c41566-2bb4-446f-a8e5-eae1ec13a48a,7,11,True,-2.5,0.0,0.0,0,86.98,86.98,76.26,1
2023,b4c41566-2bb4-446f-a8e5-eae1ec13a48a,7,12,True,-7.6,0.0,0.0,0,144.86,144.86,106.46,1
2023,b4c41566-2bb4-446f-a8e5-eae1ec13a48a,7,13,True,-22.64,0.26,0.32,0,130.14,129.88,120.26,1
2023,b4c41566-2bb4-446f-a8e5-eae1ec13a48a,7,14,False,0.0,0.0,0.0,0,99.12,99.12,,1
2023,b4c41566-2bb4-446f-a8e5-eae1ec13a48a,7,15,True,7.1,0.0,0.0,0,92.46,92.46,,1
2023,b4c41566-2bb4-446f-a8e5-eae1ec13a48a,7,16,False,-5.5,0.0,0.0,0,75.78,75.78,,1
2023,b4c41566-2bb4-446f-a8e5-eae1ec13a48a,7,17,False,-1.5,0.0,0.0,0,99.36,99.36,,1
2023,cae70974-f71c-4bf7-aee9-fe397915cff9,2,5,True,-4.3,-0.6,-0.4,0,68.12,68.72,65.52,1
2023,cae70974-f71c-4bf7-aee9-fe397915cff9,2,6,True,9.7,12.0,5.41,0,124.78,112.78,79.2,1
2023,cae70974-f71c-4bf7-aee9-fe397915cff9,2,7,True,-21.4,-19.4,-17.2,0,111.16,130.56,83.6,1
2023,cae70974-f71c-4bf7-aee9-fe397915cff9,2,8,True,-3.76,-12.3,-4.91,0,138.12,150.42,99.88,1
2023,cae70974-f71c-4bf7-aee9-fe397915cff9,2,9,True,-0.4,-0.4,-0.37,0,116.86,117.26,74.72,1
2023,cae70974-f71c-4bf7-aee9-fe397915cff9,2,10,False,0.0,0.0,0.0,0,127.38,127.38,126.08,1
2023,cae70974-f71c-4bf7-aee9-fe397915cff9,2,11,True,-3.9,-3.3,-3.77,0,76.26,79.56,86.98,1
2023,cae70974-f71c-4bf7-aee9-fe397915cff9,2,12,True,-10.6,-2.1,-1.71,0,129.84,131.94,76.54,1
2023,cae70974-f71c-4bf7-aee9-fe397915cff9,2,13,True,14.2,9.0,13.1,0,129.26,120.26,98.96,1
2023,cae70974-f71c-4bf7-aee9-fe397915cff9,2,14,True,3.5,14.8,25.56,0,105.04,90.24,,1
2023,cae70974-f71c-4bf7-aee9-fe397915cff9,2,15,True,-2.3,-6.0,-0.03,0,163.52,169.52,,1
2023,cae70974-f71c-4bf7-aee9-fe397915cff9,2,16,True,-6.5,4.7,6.56,0,113.02,108.32,,1
2023,cae70974-f71c-4bf7-aee9-fe397915cff9,2,17,True,-7.9,5.9,8.18,1,118.7,112.8,,1
2023,cae70974-f71c-4bf7-aee9-fe397915cff9,4,5,True,6.0,5.5,5.22,0,76.62,71.12,134.68,1
2023,cae70974-f71c-4bf7-aee9-fe397915cff9,4,6,True,-2.3,-7.1,-10.41,0,70.02,77.12,99.34,1
2023,cae70974-f71c-4bf7-aee9-fe397915cff9,4,7,True,24.3,26.7,9.0,0,69.44,42.74,105.36,1
2023,cae70974-f71c-4bf7-aee9-fe397915cff9,4,8,True,9.8,8.3,3.54,0,77.76,69.46,107.56,1
2023,cae70974-f71c-4bf7-aee9-fe397915cff9,4,9,True,0.4,0.5,0.56,0,74.72,74.22,116.86,1
2023,cae70974-f71c-4bf7-aee9-fe397915cff9,4,10,True,3.4,-0.4,-0.37,0,78.5,78.9,112.64,1
2023,cae70974-f71c-4bf7-aee9-fe397915cff9,4,11,True,0.0,-0.6,-1.06,0,96.76,97.36,103.96,1
2023,cae70974-f71c-4bf7-aee9-fe397915cff9,4,12,True,11.0,7.6,8.21,0,88.78,81.18,131.0,1
2023,cae70974-f71c-4bf7-aee9-fe397915cff9,4,13,False,-3.4,0.0,0.0,0,83.5,83.5,132.38,1
2023,cae70974-f71c-4bf7-aee9-fe397915cff9,4,14,True,-3.5,11.3,10.77,0,123.62,112.32,,1
2023,cae70974-f71c-4bf7-aee9-fe397915cff9,4,15,True,6.0,-22.4,-14.77,0,114.84,137.24,,1
2023,cae70974-f71c-4bf7-aee9-fe397915cff9,4,16,True,6.5,-13.0,-21.17,0,83.4,96.4,,1
2023,cae70974-f71c-4bf7-aee9-fe397915cff9,4,17,True,7.9,13.8,11.39,0,133.32,119.52,,1
2023,d5f300cc-f410-4b11-b000-dc9d586dc9f9,7,6,True,6.18,4.68,7.98,0,82.24,77.56,68.64,1
2023,d5f300cc-f410-4b11-b000-dc9d586dc9f9,7,7,True,-5.39,14.96,25.77,0,105.36,90.4,69.44,1
2023,d5f300cc-f410-4b11-b000-dc9d586dc9f9,7,8,True,-12.86,-22.26,-37.85,0,99.0,121.26,86.18,1
2023,d5f300cc-f410-4b11-b000-dc9d586dc9f9,7,9,True,-2.12,-11.32,-16.62,0,100.9,112.22,86.98,1
2023,d5f300cc-f410-4b11-b000-dc9d586dc9f9,7,10,True,6.0,10.2,13.9,1,91.92,81.72,83.16,1
2023,d5f300cc-f410-4b11-b000-dc9d586dc9f9,7,11,True,-8.92,-5.62,-9.31,0,86.98,92.6,76.26,1
2023,d5f300cc-f410-4b11-b000-dc9d586dc9f9,7,12,True,22.3,12.5,5.68,0,144.86,132.36,106.46,1
2023,d5f300cc-f410-4b11-b000-dc9d586dc9f9,7,13,False,-13.7,0.0,0.0,0,130.14,130.14,120.26,1
2023,d5f300cc-f410-4b11-b000-dc9d586dc9f9,7,14,False,12.8,0.0,0.0,0,99.12,99.12,,1
2023,d5f300cc-f410-4b11-b000-dc9d586dc9f9,7,15,False,18.6,0.0,0.0,0,92.46,92.46,,1
2023,d5f300cc-f410-4b11-b000-dc9d586dc9f9,7,16,True,7.2,10.4,8.22,0,75.78,65.38,,1
2023,d5f300cc-f410-4b11-b000-dc9d586dc9f9,7,17,True,13.9,13.4,21.43,0,99.36,85.96,,1
2023,d5f300cc-f410-4b11-b000-dc9d586dc9f9,8,6,True,-3.38,-8.68,-12.34,0,68.36,77.04,100.2,1
2023,d5f300cc-f410-4b11-b000-dc9d586dc9f9,8,7,True,2.44,14.24,18.32,0,118.3,104.06,145.88,1
2023,d5f300cc-f410-4b11-b000-dc9d586dc9f9,8,8,True,21.66,13.66,19.55,0,101.56,87.9,119.32,1
2023,d5f300cc-f410-4b11-b000-dc9d586dc9f9,8,9,True,-0.78,8.92,2.17,0,57.22,48.3,101.2,1
2023,d5f300cc-f410-4b11-b000-dc9d586dc9f9,8,10,True,9.96,0.0,0.0,0,83.16,83.16,91.92,1
2023,d5f300cc-f410-4b11-b000-dc9d586dc9f9,8,11,True,7.38,0.0,0.0,0,103.96,103.96,96.76,1
2023,d5f300cc-f410-4b11-b000-dc9d586dc9f9,8,12,True,-15.68,-1.2,-0.79,0,76.54,77.74,129.84,1
2023,d5f300cc-f410-4b11-b000-dc9d586dc9f9,8,13,True,9.2,14.5,4.81,0,81.6,67.1,132.42,1
2023,d5f300cc-f410-4b11-b000-dc9d586dc9f9,8,14,True,10.86,0.0,0.0,0,87.4,87.4,,1
2023,d5f300cc-f410-4b11-b000-dc9d586dc9f9,8,15,True,0.7,0.0,0.0,0,78.66,78.66,,1
2023,d5f300cc-f410-4b11-b000-dc9d586dc9f9,8,16,True,-3.7,0.0,0.0,0,92.5,92.5,,1
2023,d5f300cc-f410-4b11-b000-dc9d586dc9f9,8,17,True,-10.6,0.0,0.0,0,103.18,103.18,,1
2023,f0f0e56e-f358-4361-bbf7-8197cf3ef893,3,12,True,-0.02,-11.8,-0.62,0,45.86,57.66,102.18,1
2023,f0f0e56e-f358-4361-bbf7-8197cf3ef893,3,13,True,16.1,0.1,0.13,0,129.54,129.44,88.38,1
2023,f0f0e56e-f358-4361-bbf7-8197cf3ef893,3,14,True,-3.0,-3.0,-1.3,0,128.56,131.56,,1
2023,f0f0e56e-f358-4361-bbf7-8197cf3ef893,3,15,True,12.8,2.7,4.7,0,100.62,97.92,,1
2023,f0f0e56e-f358-4361-bbf7-8197cf3ef893,3,16,True,10.5,-1.0,-1.65,0,88.92,89.92,,1
2023,f0f0e56e-f358-4361-bbf7-8197cf3ef893,3,17,True,14.6,-8.8,-1.37,0,53.0,61.8,,1
2023,f0f0e56e-f358-4361-bbf7-8197cf3ef893,9,12,True,1.43,-1.47,-2.55,0,100.78,102.25,128.86,1
2023,f0f0e56e-f358-4361-bbf7-8197cf3ef893,9,13,True,-19.72,-8.12,-8.58,0,88.38,96.5,129.54,1
2023,f0f0e56e-f358-4361-bbf7-8197cf3ef893,9,14,True,-10.45,-10.45,-17.12,0,83.64,94.09,,1
2023,f0f0e56e-f358-4361-bbf7-8197cf3ef893,9,15,False,-11.5,0.0,0.0,0,111.12,111.12,,1
2023,f0f0e56e-f358-4361-bbf7-8197cf3ef893,9,16,False,-9.5,0.0,0.0,0,126.92,126.92,,1
2023,f0f0e56e-f358-4361-bbf7-8197cf3ef893,9,17,False,-11.4,0.0,0.0,0,101.78,101.78,,1
2024,50e849b4-9c84-4c58-9ff1-bbd598e61d84,1,12,True,-10.8,-8.34,-16.36,0,86.92,95.26,67.38,1
2024,50e849b4-9c84-4c58-9ff1-bbd598e61d84,1,13,True,-7.4,-7.4,-9.2,0,85.04,92.44,59.6,1
2024,50e849b4-9c84-4c58-9ff1-bbd598e61d84,1,14,False,-9.7,0.0,0.0,0,109.24,109.24,,1
2024,50e849b4-9c84-4c58-9ff1-bbd598e61d84,1,15,True,7.6,5.34,1.92,0,76.6,71.26,,1
2024,50e849b4-9c84-4c58-9ff1-bbd598e61d84,1,16,True,6.7,3.92,3.21,0,87.82,83.9,,1
2024,50e849b4-9c84-4c58-9ff1-bbd598e61d84,1,17,True,5.3,-2.24,-4.21,0,98.26,100.5,,1
2024,50e849b4-9c84-4c58-9ff1-bbd598e61d84,2,12,True,7.14,11.5,21.24,0,92.46,80.96,114.26,1
2024,50e849b4-9c84-4c58-9ff1-bbd598e61d84,2,13,True,11.94,7.4,14.49,0,105.42,98.02,91.96,1
2024,50e849b4-9c84-4c58-9ff1-bbd598e61d84,2,14,True,12.5,6.3,9.92,0,101.22,94.92,,1
2024,50e849b4-9c84-4c58-9ff1-bbd598e61d84,2,15,True,-7.6,-7.6,-14.96,0,100.7,108.3,,1
2024,50e849b4-9c84-4c58-9ff1-bbd598e61d84,2,16,True,-6.0,-9.0,-11.07,0,88.24,97.24,,1
2024,50e849b4-9c84-4c58-9ff1-bbd598e61d84,2,17,True,-23.56,-5.3,-1.21,0,66.2,71.5,,1
2024,59156261-01ae-4f52-a547-df02df902705,4,11,True,12.22,13.7,24.29,0,115.28,101.58,79.84,1
2024,59156261-01ae-4f52-a547-df02df902705,4,12,True,-6.3,-4.2,-3.2,0,67.38,71.58,86.92,1
2024,59156261-01ae-4f52-a547-df02df902705,4,13,True,9.04,1.14,2.28,0,104.02,102.88,94.08,1
2024,59156261-01ae-4f52-a547-df02df902705,4,14,True,32.98,18.68,33.74,0,126.28,107.6,,1
2024,59156261-01ae-4f52-a547-df02df902705,4,15,True,11.08,13.28,20.62,1,125.98,112.7,,1
2024,59156261-01ae-4f52-a547-df02df902705,4,16,True,0.0,-11.82,-23.38,0,106.16,117.98,,1
2024,59156261-01ae-4f52-a547-df02df902705,4,17,True,17.0,15.76,3.65,0,150.78,135.02,,1
2024,59156261-01ae-4f52-a547-df02df902705,7,11,True,-9.4,-14.6,-13.82,0,116.18,130.78,108.34,1
2024,59156261-01ae-4f52-a547-df02df902705,7,12,True,22.18,8.4,14.17,1,87.48,79.08,84.66,1
2024,59156261-01ae-4f52-a547-df02df902705,7,13,True,-3.34,1.06,0.56,0,135.48,134.42,140.66,1
2024,59156261-01ae-4f52-a547-df02df902705,7,14,False,-41.2,0.0,0.0,0,109.48,109.48,,1
2024,59156261-01ae-4f52-a547-df02df902705,7,15,True,-21.18,-5.18,-8.13,0,117.6,122.78,,1
2024,59156261-01ae-4f52-a547-df02df902705,7,16,True,32.82,8.32,10.88,0,97.18,88.86,,1
2024,59156261-01ae-4f52-a547-df02df902705,7,17,True,-19.36,-17.66,-32.04,0,104.92,122.58,,1
2024,5b6c62a1-efea-4f7e-a2d0-5faabe29aae8,2,10,True,3.1,-0.4,-0.78,0,97.58,97.98,53.88,1
2024,5b6c62a1-efea-4f7e-a2d0-5faabe29aae8,2,11,True,-1.3,4.7,9.0,0,108.34,103.64,116.18,1
2024,5b6c62a1-efea-4f7e-a2d0-5faabe29aae8,3,10,True,-3.1,1.9,1.47,0,69.54,67.64,120.44,1
2024,5b6c62a1-efea-4f7e-a2d0-5faabe29aae8,3,11,True,4.3,-12.6,-22.2,-1,86.24,98.84,97.74,1
2024,5b6c62a1-efea-4f7e-a2d0-5faabe29aae8,3,12,True,24.4,26.2,45.69,0,113.3,87.1,67.52,1
2024,5b6c62a1-efea-4f7e-a2d0-5faabe29aae8,3,13,True,12.5,-8.1,-3.77,0,132.9,141.0,109.64,1
2024,5b6c62a1-efea-4f7e-a2d0-5faabe29aae8,3,14,True,22.8,-19.1,-35.34,0,96.58,115.68,,1
2024,5b6c62a1-efea-4f7e-a2d0-5faabe29aae8,3,15,True,9.8,7.5,4.39,0,82.64,75.14,,1
2024,5b6c62a1-efea-4f7e-a2d0-5faabe29aae8,3,16,True,12.7,14.4,11.64,0,92.14,77.74,,1
2024,5b6c62a1-efea-4f7e-a2d0-5faabe29aae8,3,17,True,16.6,17.6,25.69,0,99.78,82.18,,1
2024,7ad0d67d-0a8a-4e58-8dcb-84136b1a1ad0,2,6,False,-12.2,0.0,0.0,0,75.26,75.26,82.22,1
2024,7ad0d67d-0a8a-4e58-8dcb-84136b1a1ad0,2,7,True,2.75,-0.6,-1.07,0,88.56,89.16,66.44,1
2024,7ad0d67d-0a8a-4e58-8dcb-84136b1a1ad0,2,8,True,0.0,-0.8,-0.34,0,137.74,138.54,87.26,1
2024,7ad0d67d-0a8a-4e58-8dcb-84136b1a1ad0,2,9,False,7.0,0.0,0.0,0,109.2,109.2,105.4,1
2024,7ad0d67d-0a8a-4e58-8dcb-84136b1a1ad0,2,10,False,-6.0,0.0,0.0,0,97.58,97.58,53.88,1
2024,7ad0d67d-0a8a-4e58-8dcb-84136b1a1ad0,3,6,True,7.0,13.0,13.4,1,123.68,110.68,121.4,1
2024,7ad0d67d-0a8a-4e58-8dcb-84136b1a1ad0,3,7,True,0.6,0.6,0.68,0,78.78,78.18,128.0,1
2024,7ad0d67d-0a8a-4e58-8dcb-84136b1a1ad0,3,8,True,8.2,0.8,1.05,0,90.7,89.9,107.56,1
2024,7ad0d67d-0a8a-4e58-8dcb-84136b1a1ad0,3,9,True,2.0,0.4,0.22,0,77.4,77.0,137.3,1
2024,7ad0d67d-0a8a-4e58-8dcb-84136b1a1ad0,3,10,True,16.84,4.31,3.07,0,69.54,65.23,120.44,1
2024,7ad0d67d-0a8a-4e58-8dcb-84136b1a1ad0,3,11,True,0.3,8.9,10.5,0,86.24,77.34,97.74,1
2024,7ad0d67d-0a8a-4e58-8dcb-84136b1a1ad0,3,12,True,24.54,27.54,48.29,0,113.3,85.76,67.52,1
2024,7ad0d67d-0a8a-4e58-8dcb-84136b1a1ad0,3,13,True,12.76,14.76,15.57,0,132.9,118.14,109.64,1
2024,7ad0d67d-0a8a-4e58-8dcb-84136b1a1ad0,3,14,True,22.26,11.66,12.94,0,96.58,84.92,,1
2024,7ad0d67d-0a8a-4e58-8dcb-84136b1a1ad0,3,15,True,9.38,9.38,5.13,0,82.64,73.26,,1
2024,7ad0d67d-0a8a-4e58-8dcb-84136b1a1ad0,3,16,True,12.08,13.78,11.35,0,92.14,78.36,,1
2024,7ad0d67d-0a8a-4e58-8dcb-84136b1a1ad0,3,17,True,29.38,28.08,32.69,0,99.78,71.7,,1
2024,7e8107ea-b881-48f0-bc00-8f65a236dd27,2,7,True,7.4,1.2,2.09,0,88.56,87.36,66.44,1
2024,7e8107ea-b881-48f0-bc00-8f65a236dd27,2,8,True,2.2,18.9,17.57,0,137.74,118.84,87.26,1
2024,7e8107ea-b881-48f0-bc00-8f65a236dd27,2,9,True,17.2,19.73,36.46,1,109.2,89.47,105.4,1
2024,7e8107ea-b881-48f0-bc00-8f65a236dd27,2,10,True,-6.2,4.7,9.38,0,97.58,92.88,53.88,1
2024,7e8107ea-b881-48f0-bc00-8f65a236dd27,2,11,True,31.5,15.2,29.85,0,108.34,93.14,116.18,1
2024,7e8107ea-b881-48f0-bc00-8f65a236dd27,2,12,True,28.5,17.3,29.56,0,92.46,75.16,114.26,1
2024,7e8107ea-b881-48f0-bc00-8f65a236dd27,2,13,True,14.04,5.2,10.32,0,105.42,100.22,91.96,1
2024,7e8107ea-b881-48f0-bc00-8f65a236dd27,2,14,True,20.5,4.8,7.76,0,101.22,96.42,,1
2024,7e8107ea-b881-48f0-bc00-8f65a236dd27,2,15,True,2.7,6.1,10.65,0,100.7,94.6,,1
2024,7e8107ea-b881-48f0-bc00-8f65a236dd27,2,16,True,42.7,24.0,10.37,0,88.24,64.24,,1
2024,7e8107ea-b881-48f0-bc00-8f65a236dd27,2,17,True,3.3,1.2,0.19,0,66.2,65.0,,1
2024,7e8107ea-b881-48f0-bc00-8f65a236dd27,6,7,True,-3.3,-1.2,-0.54,0,66.26,67.46,93.3,1
2024,7e8107ea-b881-48f0-bc00-8f65a236dd27,6,8,True,-2.9,-7.2,-9.55,0,87.26,94.46,137.74,1
2024,7e8107ea-b881-48f0-bc00-8f65a236dd27,6,9,True,-20.9,1.4,0.85,0,78.98,77.58,133.06,1
2024,7e8107ea-b881-48f0-bc00-8f65a236dd27,6,10,True,5.9,8.1,5.77,0,71.16,63.06,117.62,1
2024,7e8107ea-b881-48f0-bc00-8f65a236dd27,6,11,False,-4.6,0.0,0.0,0,113.38,113.38,79.1,1
2024,7e8107ea-b881-48f0-bc00-8f65a236dd27,6,12,True,-14.98,-17.5,-20.3,0,67.52,85.02,113.3,1
2024,7e8107ea-b881-48f0-bc00-8f65a236dd27,6,13,True,-0.7,10.8,14.03,0,94.08,83.28,104.02,1
2024,7e8107ea-b881-48f0-bc00-8f65a236dd27,6,14,True,11.9,-5.9,-5.2,0,131.12,137.02,,1
2024,7e8107ea-b881-48f0-bc00-8f65a236dd27,6,15,True,1.2,-7.3,-4.13,0,75.6,82.9,,1
2024,7e8107ea-b881-48f0-bc00-8f65a236dd27,6,16,True,-24.5,-3.0,-5.54,0,101.26,104.26,,1
2024,7e8107ea-b881-48f0-bc00-8f65a236dd27,6,17,True,0.8,7.4,7.16,0,130.84,123.44,,1
2024,8830dc27-93dc-4aa9-a7d8-e92beb1b3de1,7,7,True,0.0,0.0,0.0,0,133.82,133.82,139.54,1
2024,8830dc27-93dc-4aa9-a7d8-e92beb1b3de1,7,8,True,-2.8,0.0,0.0,0,111.72,111.72,123.88,1
2024,8830dc27-93dc-4aa9-a7d8-e92beb1b3de1,7,9,True,-5.7,0.0,0.0,0,108.3,108.3,108.94,1
2024,8830dc27-93dc-4aa9-a7d8-e92beb1b3de1,7,10,True,0.0,0.0,0.0,0,99.4,99.4,94.54,1
2024,8830dc27-93dc-4aa9-a7d8-e92beb1b3de1,7,11,True,0.0,0.0,0.0,0,116.18,116.18,108.34,1
2024,8830dc27-93dc-4aa9-a7d8-e92beb1b3de1,7,12,True,13.2,0.0,0.0,0,87.48,87.48,84.66,1
2024,8830dc27-93dc-4aa9-a7d8-e92beb1b3de1,7,13,True,0.0,0.0,0.0,0,135.48,135.48,140.66,1
2024,8830dc27-93dc-4aa9-a7d8-e92beb1b3de1,7,14,True,7.0,5.6,10.98,0,109.48,103.88,,1
2024,8830dc27-93dc-4aa9-a7d8-e92beb1b3de1,7,15,True,-0.7,0.0,0.0,0,117.6,117.6,,1
2024,8830dc27-93dc-4aa9-a7d8-e92beb1b3de1,7,16,False,-4.2,0.0,0.0,0,97.18,97.18,,1
2024,8830dc27-93dc-4aa9-a7d8-e92beb1b3de1,7,17,False,0.0,0.0,0.0,0,104.92,104.92,,1
2024,8830dc27-93dc-4aa9-a7d8-e92beb1b3de1,10,7,True,0.0,-6.5,-12.33,0,100.74,107.24,81.44,1
2024,8830dc27-93dc-4aa9-a7d8-e92beb1b3de1,10,8,True,4.3,0.0,0.0,0,87.36,87.36,117.54,1
2024,8830dc27-93dc-4aa9-a7d8-e92beb1b3de1,10,9,True,5.6,0.0,0.0,0,104.82,104.82,95.86,1
2024,8830dc27-93dc-4aa9-a7d8-e92beb1b3de1,10,10,True,0.0,0.0,0.0,0,117.62,117.62,71.16,1
2024,8830dc27-93dc-4aa9-a7d8-e92beb1b3de1,10,11,True,0.0,0.0,0.0,0,97.74,97.74,86.24,1
2024,8830dc27-93dc-4aa9-a7d8-e92beb1b3de1,10,12,True,-13.2,-0.3,-0.53,0,84.66,84.96,87.48,1
2024,8830dc27-93dc-4aa9-a7d8-e92beb1b3de1,10,13,True,0.0,0.0,0.0,0,91.96,91.96,105.42,1
2024,8830dc27-93dc-4aa9-a7d8-e92beb1b3de1,10,14,False,-4.9,0.0,0.0,0,128.06,128.06,,1
2024,8830dc27-93dc-4aa9-a7d8-e92beb1b3de1,10,15,True,0.0,0.0,0.0,0,131.44,131.44,,1
2024,8830dc27-93dc-4aa9-a7d8-e92beb1b3de1,10,16,True,9.9,0.0,0.0,0,110.34,110.34,,1
2024,8830dc27-93dc-4aa9-a7d8-e92beb1b3de1,10,17,False,0.0,0.0,0.0,0,91.72,91.72,,1
2024,8860a8bb-90fe-408f-9565-f15bfe4523e1,2,11,True,-8.2,3.6,6.84,0,108.34,104.74,116.18,1
2024,8860a8bb-90fe-408f-9565-f15bfe4523e1,2,12,True,14.3,16.9,29.05,0,92.46,75.56,114.26,1
2024,8860a8bb-90fe-408f-9565-f15bfe4523e1,2,13,True,-6.86,-11.4,-21.9,0,105.42,116.82,91.96,1
2024,8860a8bb-90fe-408f-9565-f15bfe4523e1,2,14,True,-5.4,-5.4,-10.0,0,101.22,106.62,,1
2024,8860a8bb-90fe-408f-9565-f15bfe4523e1,2,15,True,-21.8,0.0,0.0,0,100.7,100.7,,1
2024,8860a8bb-90fe-408f-9565-f15bfe4523e1,2,16,True,-11.1,10.6,7.16,0,88.24,77.64,,1
2024,8860a8bb-90fe-408f-9565-f15bfe4523e1,2,17,True,-23.1,-14.4,-5.4,0,66.2,80.6,,1
2024,8860a8bb-90fe-408f-9565-f15bfe4523e1,5,11,True,3.7,3.7,3.19,0,79.1,75.4,113.38,1
2024,8860a8bb-90fe-408f-9565-f15bfe4523e1,5,12,False,-5.78,0.0,0.0,0,91.7,91.7,136.0,1
2024,8860a8bb-90fe-408f-9565-f15bfe4523e1,5,13,True,11.9,16.5,10.63,1,140.66,124.16,135.48,1
2024,8860a8bb-90fe-408f-9565-f15bfe4523e1,5,14,True,3.35,0.0,0.0,0,88.36,88.36,,1
2024,8860a8bb-90fe-408f-9565-f15bfe4523e1,5,15,True,21.3,21.0,9.09,0,149.06,128.06,,1
2024,8860a8bb-90fe-408f-9565-f15bfe4523e1,5,16,True,7.9,20.5,3.99,0,159.08,138.58,,1
2024,8860a8bb-90fe-408f-9565-f15bfe4523e1,5,17,True,8.0,9.4,15.31,1,98.64,89.24,,1
2024,94940d76-38cc-41fb-81dc-336335cb66e5,2,11,True,-5.4,-5.4,-9.25,0,108.34,113.74,116.18,1
2024,94940d76-38cc-41fb-81dc-336335cb66e5,2,12,True,0.0,0.2,0.4,0,92.46,92.26,114.26,1
2024,94940d76-38cc-41fb-81dc-336335cb66e5,2,13,True,-0.2,-0.2,-0.4,0,105.42,105.62,91.96,1
2024,94940d76-38cc-41fb-81dc-336335cb66e5,2,14,True,6.2,-0.5,-0.88,0,101.22,101.72,,1
2024,94940d76-38cc-41fb-81dc-336335cb66e5,2,15,True,-3.6,3.5,6.33,0,100.7,97.2,,1
2024,94940d76-38cc-41fb-81dc-336335cb66e5,2,16,True,2.8,4.4,3.66,0,88.24,83.84,,1
2024,94940d76-38cc-41fb-81dc-336335cb66e5,2,17,True,-4.3,-20.1,-9.99,0,66.2,86.3,,1
2024,ab3857f7-f6e7-45fa-b2ff-26b1e397977d,5,6,True,-22.6,-34.54,-45.84,0,97.16,131.7,95.32,1
2024,ab3857f7-f6e7-45fa-b2ff-26b1e397977d,5,7,True,2.8,21.4,22.31,0,128.0,106.6,78.78,1
2024,ab3857f7-f6e7-45fa-b2ff-26b1e397977d,5,8,True,-3.44,-3.12,-3.67,0,123.88,127.0,111.72,1
2024,ab3857f7-f6e7-45fa-b2ff-26b1e397977d,5,9,True,-10.7,-4.84,-8.82,0,95.86,100.7,104.82,1
2024,ab3857f7-f6e7-45fa-b2ff-26b1e397977d,5,10,True,0.54,0.0,0.0,0,95.4,95.4,113.6,1
2024,ab3857f7-f6e7-45fa-b2ff-26b1e397977d,5,11,False,-30.6,0.0,0.0,0,79.1,79.1,113.38,1
2024,ab3857f7-f6e7-45fa-b2ff-26b1e397977d,5,12,True,0.0,-3.5,-7.03,0,91.7,95.2,136.0,1
2024,ab3857f7-f6e7-45fa-b2ff-26b1e397977d,5,13,True,-8.9,0.0,0.0,0,140.66,140.66,135.48,1
2024,ab3857f7-f6e7-45fa-b2ff-26b1e397977d,5,14,True,1.94,1.94,1.66,0,88.36,86.42,,1
2024,ab3857f7-f6e7-45fa-b2ff-26b1e397977d,5,15,True,1.64,1.64,0.24,0,149.06,147.42,,1
2024,ab3857f7-f6e7-45fa-b2ff-26b1e397977d,5,16,True,4.8,5.0,0.32,0,159.08,154.08,,1
2024,ab3857f7-f6e7-45fa-b2ff-26b1e397977d,5,17,True,0.0,-0.66,-1.23,0,98.64,99.3,,1
2024,ab3857f7-f6e7-45fa-b2ff-26b1e397977d,7,6,True,20.4,19.7,26.98,0,121.4,101.7,123.68,1
2024,ab3857f7-f6e7-45fa-b2ff-26b1e397977d,7,7,True,0.6,0.6,0.16,0,133.82,133.22,139.54,1
2024,ab3857f7-f6e7-45fa-b2ff-26b1e397977d,7,8,True,6.34,10.8,21.49,0,111.72,100.92,123.88,1
2024,ab3857f7-f6e7-45fa-b2ff-26b1e397977d,7,9,True,9.8,14.4,27.67,0,108.3,93.9,108.94,1
2024,ab3857f7-f6e7-45fa-b2ff-26b1e397977d,7,10,True,-0.14,14.6,28.74,1,99.4,84.8,94.54,1
2024,ab3857f7-f6e7-45fa-b2ff-26b1e397977d,7,11,True,33.9,29.9,54.66,1,116.18,86.28,108.34,1
2024,ab3857f7-f6e7-45fa-b2ff-26b1e397977d,7,12,True,0.0,-3.3,-6.36,0,87.48,90.78,84.66,1
2024,ab3857f7-f6e7-45fa-b2ff-26b1e397977d,7,13,True,10.6,-0.4,-0.2,0,135.48,135.88,140.66,1
2024,ab3857f7-f6e7-45fa-b2ff-26b1e397977d,7,14,False,-9.58,0.0,0.0,0,109.48,109.48,,1
2024,ab3857f7-f6e7-45fa-b2ff-26b1e397977d,7,15,True,2.4,2.4,4.24,0,117.6,115.2,,1
2024,ab3857f7-f6e7-45fa-b2ff-26b1e397977d,7,16,True,19.1,-2.0,-3.22,0,97.18,99.18,,1
2024,ab3857f7-f6e7-45fa-b2ff-26b1e397977d,7,17,True,0.0,0.6,1.21,0,104.92,104.32,,1
2024,aca2de47-be7f-4125-88ed-cfa55d18eeb0,7,5,True,5.4,-17.3,-33.71,0,96.64,113.94,123.22,1
2024,aca2de47-be7f-4125-88ed-cfa55d18eeb0,7,6,False,0.0,0.0,0.0,0,121.4,121.4,123.68,1
2024,aca2de47-be7f-4125-88ed-cfa55d18eeb0,7,7,True,0.0,0.0,0.0,0,133.82,133.82,139.54,1
2024,aca2de47-be7f-4125-88ed-cfa55d18eeb0,7,8,True,0.0,9.6,19.14,0,111.72,102.12,123.88,1
2024,aca2de47-be7f-4125-88ed-cfa55d18eeb0,8,5,False,0.0,0.0,0.0,0,116.16,116.16,90.16,1
2024,aca2de47-be7f-4125-88ed-cfa55d18eeb0,8,6,False,3.4,0.0,0.0,0,113.42,113.42,90.86,1
2024,aca2de47-be7f-4125-88ed-cfa55d18eeb0,8,7,False,-14.1,0.0,0.0,0,93.3,93.3,66.26,1
2024,aca2de47-be7f-4125-88ed-cfa55d18eeb0,8,8,False,-3.6,0.0,0.0,0,117.54,117.54,87.36,1
2024,aca2de47-be7f-4125-88ed-cfa55d18eeb0,8,9,False,4.0,0.0,0.0,0,137.3,137.3,77.4,1
2024,aca2de47-be7f-4125-88ed-cfa55d18eeb0,8,10,False,-9.5,0.0,0.0,0,94.54,94.54,99.4,1
2024,aca2de47-be7f-4125-88ed-cfa55d18eeb0,8,11,False,2.5,0.0,0.0,0,79.84,79.84,115.28,1
2024,aca2de47-be7f-4125-88ed-cfa55d18eeb0,8,12,True,-1.4,0.0,0.0,0,114.26,114.26,92.46,1
2024,aca2de47-be7f-4125-88ed-cfa55d18eeb0,8,13,True,-3.7,0.0,0.0,0,59.6,59.6,85.04,1
2024,aca2de47-be7f-4125-88ed-cfa55d18eeb0,8,14,True,-10.7,0.0,0.0,0,122.8,122.8,,1
2024,b71d255f-f88e-4d38-8ff0-d429b734c615,2,9,True,-12.5,-10.5,-18.95,0,109.2,119.7,105.4,1
2024,b71d255f-f88e-4d38-8ff0-d429b734c615,2,10,True,4.0,6.8,13.6,0,97.58,90.78,53.88,1
2024,b71d255f-f88e-4d38-8ff0-d429b734c615,9,9,True,16.8,16.8,18.62,0,133.06,116.26,78.98,1
2024,b71d255f-f88e-4d38-8ff0-d429b734c615,9,10,True,-1.9,-3.2,-0.67,0,53.88,57.08,97.58,1
2024,b71d255f-f88e-4d38-8ff0-d429b734c615,9,11,True,9.1,11.7,21.01,0,114.04,102.34,96.64,1
2024,b71d255f-f88e-4d38-8ff0-d429b734c615,9,12,True,6.1,0.3,0.04,0,136.0,135.7,91.7,1
2024,b71d255f-f88e-4d38-8ff0-d429b734c615,9,13,True,-9.6,-27.2,-35.99,-1,109.64,136.84,132.9,1
2024,b71d255f-f88e-4d38-8ff0-d429b734c615,9,14,True,11.9,10.3,10.9,0,95.2,84.9,,1
2024,b71d255f-f88e-4d38-8ff0-d429b734c615,9,15,True,-16.8,-23.2,-13.99,0,125.54,148.74,,1
2024,b71d255f-f88e-4d38-8ff0-d429b734c615,9,16,True,-12.3,-30.0,-5.09,0,139.02,169.02,,1
2024,b71d255f-f88e-4d38-8ff0-d429b734c615,9,17,True,-6.0,-14.5,-27.02,-1,93.28,107.78,,1
2024,b7a0d9d8-9c7e-44d7-9b02-071df67bfce5,2,5,True,5.0,10.2,6.46,0,80.66,70.46,116.74,1
2024,b7a0d9d8-9c7e-44d7-9b02-071df67bfce5,2,6,True,4.7,9.5,6.61,0,75.26,65.76,82.22,1
2024,b7a0d9d8-9c7e-44d7-9b02-071df67bfce5,2,7,True,-0.05,-1.9,-3.44,0,88.56,90.46,66.44,1
2024,b7a0d9d8-9c7e-44d7-9b02-071df67bfce5,2,8,True,12.5,12.5,9.32,0,137.74,125.24,87.26,1
2024,b7a0d9d8-9c7e-44d7-9b02-071df67bfce5,2,9,True,3.9,6.6,13.23,1,109.2,102.6,105.4,1
2024,b7a0d9d8-9c7e-44d7-9b02-071df67bfce5,4,5,True,2.8,16.9,22.86,0,126.72,109.82,107.88,1
2024,b7a0d9d8-9c7e-44d7-9b02-071df67bfce5,4,6,True,-4.7,-9.5,-18.77,-1,95.32,104.82,97.16,1
2024,b7a0d9d8-9c7e-44d7-9b02-071df67bfce5,4,7,True,3.6,-12.2,-0.79,0,139.54,151.74,133.82,1
2024,b7a0d9d8-9c7e-44d7-9b02-071df67bfce5,4,8,True,-12.5,9.2,18.05,0,107.56,98.36,90.7,1
2024,b7a0d9d8-9c7e-44d7-9b02-071df67bfce5,4,9,True,-6.6,1.7,3.41,0,105.4,103.7,109.2,1
2024,b7a0d9d8-9c7e-44d7-9b02-071df67bfce5,4,10,True,0.0,-10.2,-7.84,0,113.6,123.8,95.4,1
2024,b7a0d9d8-9c7e-44d7-9b02-071df67bfce5,4,11,True,-10.8,0.0,0.0,0,115.28,115.28,79.84,1
2024,b7a0d9d8-9c7e-44d7-9b02-071df67bfce5,4,12,False,-21.4,0.0,0.0,0,67.38,67.38,86.92,1
2024,b7a0d9d8-9c7e-44d7-9b02-071df67bfce5,4,13,True,-3.0,0.0,0.0,0,104.02,104.02,94.08,1
2024,b7a0d9d8-9c7e-44d7-9b02-071df67bfce5,4,14,True,-16.3,-16.0,-14.61,0,126.28,142.28,,1
2024,b7a0d9d8-9c7e-44d7-9b02-071df67bfce5,4,15,True,4.9,4.9,6.46,0,125.98,121.08,,1
2024,b7a0d9d8-9c7e-44d7-9b02-071df67bfce5,4,16,True,4.44,2.5,4.84,0,106.16,103.66,,1
2024,b7a0d9d8-9c7e-44d7-9b02-071df67bfce5,4,17,True,4.95,6.0,0.75,0,150.78,144.78,,1
2024,b8ee21e8-7aa4-4e3b-bfb9-f43179db8f1a,5,12,False,6.22,0.0,0.0,0,91.7,91.7,136.0,1
2024,b8ee21e8-7aa4-4e3b-bfb9-f43179db8f1a,5,13,True,1.5,2.6,0.89,0,140.66,138.06,135.48,1
2024,b8ee21e8-7aa4-4e3b-bfb9-f43179db8f1a,5,14,True,2.05,1.7,1.46,0,88.36,86.66,,1
2024,b8ee21e8-7aa4-4e3b-bfb9-f43179db8f1a,5,15,True,7.6,8.0,1.69,0,149.06,141.06,,1
2024,b8ee21e8-7aa4-4e3b-bfb9-f43179db8f1a,5,16,True,-2.2,0.3,0.01,0,159.08,158.78,,1
2024,b8ee21e8-7aa4-4e3b-bfb9-f43179db8f1a,5,17,True,-4.4,-13.4,-26.42,0,98.64,112.04,,1
2024,b8ee21e8-7aa4-4e3b-bfb9-f43179db8f1a,8,12,False,0.0,0.0,0.0,0,114.26,114.26,92.46,1
2024,b8ee21e8-7aa4-4e3b-bfb9-f43179db8f1a,8,13,False,0.0,0.0,0.0,0,59.6,59.6,85.04,1
2024,b8ee21e8-7aa4-4e3b-bfb9-f43179db8f1a,8,14,True,3.5,-1.7,-2.65,0,122.8,124.5,,1
2024,b8ee21e8-7aa4-4e3b-bfb9-f43179db8f1a,8,15,True,5.4,-8.9,-12.69,0,88.62,97.52,,1
2024,b8ee21e8-7aa4-4e3b-bfb9-f43179db8f1a,8,16,True,3.2,-0.3,-0.54,0,118.62,118.92,,1
2024,b8ee21e8-7aa4-4e3b-bfb9-f43179db8f1a,8,17,True,13.4,13.0,20.19,0,124.36,111.36,,1
2024,c34f210c-7782-4650-ad4f-de56c49e1915,8,11,True,-4.1,4.0,3.6,0,79.84,75.84,115.28,1
2024,c34f210c-7782-4650-ad4f-de56c49e1915,8,12,True,15.2,20.4,33.14,0,114.26,93.86,92.46,1
2024,c34f210c-7782-4650-ad4f-de56c49e1915,8,13,True,-8.8,-7.6,-0.88,0,59.6,67.2,85.04,1
2024,c34f210c-7782-4650-ad4f-de56c49e1915,8,14,True,-10.7,-5.0,-7.32,0,122.8,127.8,,1
2024,c34f210c-7782-4650-ad4f-de56c49e1915,8,15,True,-12.8,0.1,0.12,0,88.62,88.52,,1
2024,c34f210c-7782-4650-ad4f-de56c49e1915,8,16,True,11.7,10.5,20.42,0,118.62,108.12,,1
2024,c34f210c-7782-4650-ad4f-de56c49e1915,8,17,True,13.2,13.2,20.56,0,124.36,111.16,,1
2024,c34f210c-7782-4650-ad4f-de56c49e1915,10,11,True,0.8,-4.0,-8.03,0,97.74,101.74,86.24,1
2024,c34f210c-7782-4650-ad4f-de56c49e1915,10,12,True,-15.1,-0.7,-1.23,0,84.66,85.36,87.48,1
2024,c34f210c-7782-4650-ad4f-de56c49e1915,10,13,True,7.6,0.6,0.88,0,91.96,91.36,105.42,1
2024,c34f210c-7782-4650-ad4f-de56c49e1915,10,14,True,15.6,20.4,35.84,0,128.06,107.66,,1
2024,c34f210c-7782-4650-ad4f-de56c49e1915,10,15,True,12.3,17.5,23.2,0,131.44,113.94,,1
2024,c34f210c-7782-4650-ad4f-de56c49e1915,10,16,True,-5.9,0.0,0.0,0,110.34,110.34,,1
2024,c34f210c-7782-4650-ad4f-de56c49e1915,10,17,True,-13.2,-13.2,-23.56,0,91.72,104.92,,1
2024,d2fe51a7-d950-4b52-b34e-653c97a8b168,8,8,True,0.0,-0.2,-0.33,0,117.54,117.74,87.36,1
2024,d2fe51a7-d950-4b52-b34e-653c97a8b168,8,9,True,14.3,-3.7,-1.34,0,137.3,141.0,77.4,1
2024,d2fe51a7-d950-4b52-b34e-653c97a8b168,8,10,True,2.15,1.7,3.42,0,94.54,92.84,99.4,1
2024,d2fe51a7-d950-4b52-b34e-653c97a8b168,8,11,True,-2.4,-4.9,-5.72,0,79.84,84.74,115.28,1
2024,d2fe51a7-d950-4b52-b34e-653c97a8b168,9,8,True,2.0,-0.1,-0.19,0,112.14,112.24,91.86,1
2024,d2fe51a7-d950-4b52-b34e-653c97a8b168,9,9,True,-12.6,-20.6,-5.88,0,133.06,153.66,78.98,1
2024,d2fe51a7-d950-4b52-b34e-653c97a8b168,9,10,True,0.0,-1.4,-0.26,0,53.88,55.28,97.58,1
2024,d2fe51a7-d950-4b52-b34e-653c97a8b168,9,11,True,0.0,-0.2,-0.3,0,114.04,114.24,96.64,1
2024,d2fe51a7-d950-4b52-b34e-653c97a8b168,9,12,True,23.3,6.3,1.18,0,136.0,129.7,91.7,1
2024,d2fe51a7-d950-4b52-b34e-653c97a8b168,9,13,True,10.7,11.6,22.96,0,109.64,98.04,132.9,1
2024,d2fe51a7-d950-4b52-b34e-653c97a8b168,9,14,True,0.3,-6.5,-10.13,0,95.2,101.7,,1
2024,d2fe51a7-d950-4b52-b34e-653c97a8b168,9,15,True,-3.7,-4.6,-4.87,0,125.54,130.14,,1
2024,d2fe51a7-d950-4b52-b34e-653c97a8b168,9,16,True,5.3,6.9,4.85,0,139.02,132.12,,1
2024,d2fe51a7-d950-4b52-b34e-653c97a8b168,9,17,True,-3.8,0.0,0.0,0,93.28,93.28,,1
2024,d9acd051-0960-47b1-a911-bfbacd4b5669,1,5,True,4.8,2.5,3.97,0,116.74,114.24,80.66,1
2024,d9acd051-0960-47b1-a911-bfbacd4b5669,1,6,True,17.78,0.66,0.88,0,113.48,112.82,58.22,1
2024,d9acd051-0960-47b1-a911-bfbacd4b5669,1,7,True,0.0,-6.72,-10.26,0,81.44,88.16,100.74,1
2024,d9acd051-0960-47b1-a911-bfbacd4b5669,1,8,True,0.0,0.0,0.0,0,91.86,91.86,112.14,1
2024,d9acd051-0960-47b1-a911-bfbacd4b5669,1,9,True,9.2,0.0,0.0,0,108.94,108.94,108.3,1
2024,d9acd051-0960-47b1-a911-bfbacd4b5669,1,10,True,-4.0,0.0,0.0,0,120.44,120.44,69.54,1
2024,d9acd051-0960-47b1-a911-bfbacd4b5669,1,11,True,-4.3,0.0,0.0,0,96.64,96.64,114.04,1
2024,d9acd051-0960-47b1-a911-bfbacd4b5669,9,5,True,6.4,12.0,17.29,0,123.22,111.22,96.64,1
2024,d9acd051-0960-47b1-a911-bfbacd4b5669,9,6,True,4.4,-2.7,-5.22,0,90.86,93.56,113.42,1
2024,d9acd051-0960-47b1-a911-bfbacd4b5669,9,7,False,-1.7,0.0,0.0,0,66.44,66.44,88.56,1
2024,d9acd051-0960-47b1-a911-bfbacd4b5669,9,8,False,0.0,0.0,0.0,0,112.14,112.14,91.86,1
2024,d9acd051-0960-47b1-a911-bfbacd4b5669,9,9,False,6.3,0.0,0.0,0,133.06,133.06,78.98,1
2024,d9acd051-0960-47b1-a911-bfbacd4b5669,9,10,True,9.2,0.0,0.0,0,53.88,53.88,97.58,1
2024,d9acd051-0960-47b1-a911-bfbacd4b5669,9,11,True,-0.5,0.0,0.0,0,114.04,114.04,96.64,1
2024,d9acd051-0960-47b1-a911-bfbacd4b5669,9,12,True,-5.52,-6.7,-0.58,0,136.0,142.7,91.7,1
2024,d9acd051-0960-47b1-a911-bfbacd4b5669,9,13,True,-3.4,1.7,3.37,0,109.64,107.94,132.9,1
2024,d9acd051-0960-47b1-a911-bfbacd4b5669,9,14,False,1.6,0.0,0.0,0,95.2,95.2,,1
2024,d9acd051-0960-47b1-a911-bfbacd4b5669,9,15,False,14.8,0.0,0.0,0,125.54,125.54,,1
2024,d9acd051-0960-47b1-a911-bfbacd4b5669,9,16,False,12.1,0.0,0.0,0,139.02,139.02,,1
2024,d9acd051-0960-47b1-a911-bfbacd4b5669,9,17,False,-3.6,0.0,0.0,0,93.28,93.28,,1
2024,dcf45fa4-f89c-4b5b-b207-1bd43d68a780,7,9,True,-2.6,-5.3,-10.27,-1,108.3,113.6,108.94,1
2024,dcf45fa4-f89c-4b5b-b207-1bd43d68a780,7,10,True,-5.8,1.6,3.08,0,99.4,97.8,94.54,1
2024,dcf45fa4-f89c-4b5b-b207-1bd43d68a780,7,11,True,10.7,0.0,0.0,0,116.18,116.18,108.34,1
2024,dcf45fa4-f89c-4b5b-b207-1bd43d68a780,7,12,True,-5.7,0.0,0.0,0,87.48,87.48,84.66,1
2024,dcf45fa4-f89c-4b5b-b207-1bd43d68a780,7,13,False,0.0,0.0,0.0,0,135.48,135.48,140.66,1
2024,dcf45fa4-f89c-4b5b-b207-1bd43d68a780,7,14,False,-16.6,0.0,0.0,0,109.48,109.48,,1
2024,dcf45fa4-f89c-4b5b-b207-1bd43d68a780,7,15,True,-8.6,0.0,0.0,0,117.6,117.6,,1
2024,dcf45fa4-f89c-4b5b-b207-1bd43d68a780,7,16,True,5.0,0.0,0.0,0,97.18,97.18,,1
2024,dcf45fa4-f89c-4b5b-b207-1bd43d68a780,7,17,True,0.0,0.0,0.0,0,104.92,104.92,,1
2024,dcf45fa4-f89c-4b5b-b207-1bd43d68a780,8,9,True,0.0,0.0,0.0,0,137.3,137.3,77.4,1
2024,dcf45fa4-f89c-4b5b-b207-1bd43d68a780,8,10,True,5.8,0.0,0.0,0,94.54,94.54,99.4,1
2024,dcf45fa4-f89c-4b5b-b207-1bd43d68a780,8,11,False,-12.6,0.0,0.0,0,79.84,79.84,115.28,1
2024,dcf45fa4-f89c-4b5b-b207-1bd43d68a780,8,12,True,4.5,9.2,12.39,0,114.26,105.06,92.46,1
2024,dcf45fa4-f89c-4b5b-b207-1bd43d68a780,8,13,True,4.2,4.3,0.23,0,59.6,55.3,85.04,1
2024,dcf45fa4-f89c-4b5b-b207-1bd43d68a780,8,14,True,15.9,10.7,19.68,0,122.8,112.1,,1
2024,dcf45fa4-f89c-4b5b-b207-1bd43d68a780,8,15,True,8.9,0.0,0.0,0,88.62,88.62,,1
2024,dcf45fa4-f89c-4b5b-b207-1bd43d68a780,8,16,True,-3.9,-4.2,-7.1,0,118.62,122.82,,1
2024,dcf45fa4-f89c-4b5b-b207-1bd43d68a780,8,17,True,0.1,1.6,1.96,0,124.36,122.76,,1
2025,1977dc95-cfec-44f7-8146-2f3892d26316,2,3,True,0.0,8.9,10.45,0,82.04,73.14,99.12,1
2025,1977dc95-cfec-44f7-8146-2f3892d26316,2,4,True,7.9,2.0,0.18,0,152.68,150.68,86.4,1
2025,1977dc95-cfec-44f7-8146-2f3892d26316,2,5,False,-9.7,0.0,0.0,0,101.58,101.58,95.62,1
2025,1977dc95-cfec-44f7-8146-2f3892d26316,2,6,False,-11.72,0.0,0.0,0,68.66,68.66,94.84,1
2025,1977dc95-cfec-44f7-8146-2f3892d26316,8,3,True,-4.5,-8.9,-14.8,0,82.52,91.42,112.32,1
2025,1977dc95-cfec-44f7-8146-2f3892d26316,8,4,True,-22.4,-13.4,-21.74,0,89.08,102.48,105.06,1
2025,1977dc95-cfec-44f7-8146-2f3892d26316,8,5,True,8.2,17.8,32.15,0,108.96,91.16,110.34,1
2025,1977dc95-cfec-44f7-8146-2f3892d26316,8,6,True,6.72,12.02,21.6,1,96.06,84.04,86.72,1
2025,1977dc95-cfec-44f7-8146-2f3892d26316,8,7,True,-11.5,-22.8,-15.3,0,65.62,88.42,105.54,1
2025,1977dc95-cfec-44f7-8146-2f3892d26316,8,8,True,13.1,0.0,0.0,0,90.88,90.88,112.12,1
2025,1977dc95-cfec-44f7-8146-2f3892d26316,8,9,True,0.8,3.9,0.11,0,48.42,44.52,96.76,1
2025,1977dc95-cfec-44f7-8146-2f3892d26316,8,10,True,9.7,4.4,8.21,0,111.92,107.52,141.9,1
2025,1977dc95-cfec-44f7-8146-2f3892d26316,8,11,True,-0.7,-8.5,-9.44,0,71.72,80.22,124.84,1
2025,1977dc95-cfec-44f7-8146-2f3892d26316,8,12,False,7.9,0.0,0.0,0,74.82,74.82,130.96,1
2025,1977dc95-cfec-44f7-8146-2f3892d26316,8,13,True,-6.7,0.8,1.37,0,87.04,86.24,103.52,1
2025,1977dc95-cfec-44f7-8146-2f3892d26316,8,14,True,-2.6,10.4,14.06,0,84.08,73.68,,1
2025,1977dc95-cfec-44f7-8146-2f3892d26316,8,15,True,-11.2,-2.2,-0.06,0,49.64,51.84,,1
2025,1977dc95-cfec-44f7-8146-2f3892d26316,8,16,True,1.4,0.0,0.0,0,84.88,84.88,,1
2025,1977dc95-cfec-44f7-8146-2f3892d26316,8,17,True,8.0,-2.4,-3.65,0,85.34,87.74,,1
2025,40b8631d-425a-4493-aa8a-670217429b83,2,10,True,-2.2,6.22,1.71,0,71.02,64.8,97.8,1
2025,40b8631d-425a-4493-aa8a-670217429b83,2,11,True,13.6,0.9,1.39,0,83.0,82.1,133.78,1
2025,40b8631d-425a-4493-aa8a-670217429b83,2,12,True,1.22,14.02,9.75,0,130.96,116.94,74.82,1
2025,40b8631d-425a-4493-aa8a-670217429b83,2,13,True,0.86,1.16,2.24,0,95.0,93.84,69.24,1
2025,40b8631d-425a-4493-aa8a-670217429b83,2,14,True,-26.98,-0.4,-0.64,0,83.4,83.8,,1
2025,40b8631d-425a-4493-aa8a-670217429b83,2,15,True,-29.88,-6.18,-8.64,0,86.7,92.88,,1
2025,40b8631d-425a-4493-aa8a-670217429b83,2,16,True,-0.08,3.22,5.31,0,92.3,89.08,,1
2025,40b8631d-425a-4493-aa8a-670217429b83,2,17,True,-14.18,-10.58,-2.17,0,54.9,65.48,,1
2025,40b8631d-425a-4493-aa8a-670217429b83,6,10,True,-1.42,2.08,2.66,0,89.0,86.92,107.4,1
2025,40b8631d-425a-4493-aa8a-670217429b83,6,11,True,6.2,6.2,10.11,0,87.1,80.9,88.62,1
2025,40b8631d-425a-4493-aa8a-670217429b83,6,12,True,-1.5,0.6,0.66,0,78.46,77.86,86.68,1
2025,40b8631d-425a-4493-aa8a-670217429b83,6,13,True,-1.68,-4.76,-3.85,0,69.24,74.0,95.0,1
2025,40b8631d-425a-4493-aa8a-670217429b83,6,14,True,14.7,26.78,48.21,0,109.08,82.3,,1
2025,40b8631d-425a-4493-aa8a-670217429b83,6,15,True,24.88,32.68,56.67,0,122.08,89.4,,1
2025,40b8631d-425a-4493-aa8a-670217429b83,6,16,True,-2.1,9.18,17.49,0,102.98,93.8,,1
2025,40b8631d-425a-4493-aa8a-670217429b83,6,17,True,-14.54,15.98,30.14,0,107.68,91.7,,1
2025,437ec655-fe52-4257-b3e0-e6f54b0971f7,2,9,True,9.3,4.2,7.41,0,110.58,106.38,100.5,1
2025,437ec655-fe52-4257-b3e0-e6f54b0971f7,2,10,True,-19.4,6.9,1.84,0,71.02,64.12,97.8,1
2025,437ec655-fe52-4257-b3e0-e6f54b0971f7,2,11,False,5.7,0.0,0.0,0,83.0,83.0,133.78,1
2025,437ec655-fe52-4257-b3e0-e6f54b0971f7,2,12,True,10.5,5.5,2.74,0,130.96,125.46,74.82,1
2025,437ec655-fe52-4257-b3e0-e6f54b0971f7,2,13,True,4.8,0.0,0.0,0,95.0,95.0,69.24,1
2025,437ec655-fe52-4257-b3e0-e6f54b0971f7,2,14,True,0.0,6.4,9.1,0,83.4,77.0,,1
2025,437ec655-fe52-4257-b3e0-e6f54b0971f7,2,15,True,-3.8,-3.1,-4.07,0,86.7,89.8,,1
2025,437ec655-fe52-4257-b3e0-e6f54b0971f7,2,16,True,-12.0,-0.8,-1.39,0,92.3,93.1,,1
2025,437ec655-fe52-4257-b3e0-e6f54b0971f7,2,17,True,0.0,2.7,0.25,0,54.9,52.2,,1
2025,437ec655-fe52-4257-b3e0-e6f54b0971f7,7,9,False,-11.1,0.0,0.0,0,103.66,103.66,87.32,1
2025,437ec655-fe52-4257-b3e0-e6f54b0971f7,7,10,True,15.1,15.6,29.01,0,115.5,99.9,98.82,1
2025,437ec655-fe52-4257-b3e0-e6f54b0971f7,7,11,True,1.3,-1.9,-0.94,0,124.84,126.74,71.72,1
2025,437ec655-fe52-4257-b3e0-e6f54b0971f7,7,12,True,-3.4,-5.5,-10.36,0,99.56,105.06,65.82,1
2025,437ec655-fe52-4257-b3e0-e6f54b0971f7,7,13,True,-10.4,2.9,5.5,0,100.98,98.08,89.0,1
2025,437ec655-fe52-4257-b3e0-e6f54b0971f7,7,14,True,-4.8,-6.4,-8.21,0,75.36,81.76,,1
2025,437ec655-fe52-4257-b3e0-e6f54b0971f7,7,15,True,2.2,3.8,6.99,0,112.0,108.2,,1
2025,437ec655-fe52-4257-b3e0-e6f54b0971f7,7,16,True,-1.2,0.8,0.21,0,138.9,138.1,,1
2025,437ec655-fe52-4257-b3e0-e6f54b0971f7,7,17,True,0.0,0.0,0.0,0,142.04,142.04,,1
2025,52f4b13c-c8dc-457c-96d0-56ded268503a,8,6,True,-0.3,0.0,0.0,0,96.06,96.06,86.72,1
2025,52f4b13c-c8dc-457c-96d0-56ded268503a,8,7,False,0.0,0.0,0.0,0,65.62,65.62,105.54,1
2025,52f4b13c-c8dc-457c-96d0-56ded268503a,8,8,True,0.0,0.0,0.0,0,90.88,90.88,112.12,1
2025,52f4b13c-c8dc-457c-96d0-56ded268503a,9,6,True,7.0,7.0,13.19,1,96.4,89.4,91.08,1
2025,52f4b13c-c8dc-457c-96d0-56ded268503a,9,7,True,0.0,0.0,0.0,0,94.26,94.26,115.78,1
2025,52f4b13c-c8dc-457c-96d0-56ded268503a,9,8,False,1.3,0.0,0.0,0,100.22,100.22,139.0,1
2025,52f4b13c-c8dc-457c-96d0-56ded268503a,9,9,False,0.0,0.0,0.0,0,87.32,87.32,103.66,1
2025,52f4b13c-c8dc-457c-96d0-56ded268503a,9,10,False,4.3,0.0,0.0,0,125.44,125.44,90.64,1
2025,52f4b13c-c8dc-457c-96d0-56ded268503a,9,11,False,0.0,0.0,0.0,0,133.78,133.78,83.0,1
2025,52f4b13c-c8dc-457c-96d0-56ded268503a,9,12,False,5.0,0.0,0.0,0,84.12,84.12,109.86,1
2025,52f4b13c-c8dc-457c-96d0-56ded268503a,9,13,True,-2.2,0.0,0.0,0,103.52,103.52,87.04,1
2025,52f4b13c-c8dc-457c-96d0-56ded268503a,9,14,True,1.7,-1.32,-2.56,0,95.04,96.36,,1
2025,52f4b13c-c8dc-457c-96d0-56ded268503a,9,15,True,11.5,0.0,0.0,0,120.62,120.62,,1
2025,52f4b13c-c8dc-457c-96d0-56ded268503a,9,16,True,0.0,0.0,0.0,0,91.6,91.6,,1
2025,52f4b13c-c8dc-457c-96d0-56ded268503a,9,17,True,0.0,0.0,0.0,0,97.48,97.48,,1
2025,53edb030-6d7f-4604-b6c5-d14411bb6106,2,7,True,10.0,14.3,12.96,0,133.02,118.72,97.78,1
2025,53edb030-6d7f-4604-b6c5-d14411bb6106,2,8,True,5.6,3.16,2.92,0,82.88,79.72,89.96,1
2025,53edb030-6d7f-4604-b6c5-d14411bb6106,2,9,True,4.4,8.7,15.9,0,110.58,101.88,100.5,1
2025,53edb030-6d7f-4604-b6c5-d14411bb6106,2,10,True,4.8,7.2,1.9,0,71.02,63.82,97.8,1
2025,53edb030-6d7f-4604-b6c5-d14411bb6106,2,11,True,2.7,-3.0,-4.91,0,83.0,86.0,133.78,1
2025,53edb030-6d7f-4604-b6c5-d14411bb6106,2,12,True,8.2,2.0,0.86,0,130.96,128.96,74.82,1
2025,53edb030-6d7f-4604-b6c5-d14411bb6106,2,13,True,-3.7,-8.6,-16.33,0,95.0,103.6,69.24,1
2025,53edb030-6d7f-4604-b6c5-d14411bb6106,2,14,True,-1.9,4.5,6.63,0,83.4,78.9,,1
2025,53edb030-6d7f-4604-b6c5-d14411bb6106,2,15,True,-2.3,-2.3,-2.97,0,86.7,89.0,,1
2025,53edb030-6d7f-4604-b6c5-d14411bb6106,2,16,True,17.9,17.8,22.48,0,92.3,74.5,,1
2025,53edb030-6d7f-4604-b6c5-d14411bb6106,2,17,True,0.7,2.1,0.2,0,54.9,52.8,,1
2025,53edb030-6d7f-4604-b6c5-d14411bb6106,9,7,False,-12.5,0.0,0.0,0,94.26,94.26,115.78,1
2025,53edb030-6d7f-4604-b6c5-d14411bb6106,9,8,False,-3.0,0.0,0.0,0,100.22,100.22,139.0,1
2025,53edb030-6d7f-4604-b6c5-d14411bb6106,9,9,False,-10.3,0.0,0.0,0,87.32,87.32,103.66,1
2025,53edb030-6d7f-4604-b6c5-d14411bb6106,9,10,False,-1.8,0.0,0.0,0,125.44,125.44,90.64,1
2025,53edb030-6d7f-4604-b6c5-d14411bb6106,9,11,False,-2.5,0.0,0.0,0,133.78,133.78,83.0,1
2025,53edb030-6d7f-4604-b6c5-d14411bb6106,9,12,False,-11.1,0.0,0.0,0,84.12,84.12,109.86,1
2025,53edb030-6d7f-4604-b6c5-d14411bb6106,9,13,True,3.7,3.7,6.8,0,103.52,99.82,87.04,1
2025,53edb030-6d7f-4604-b6c5-d14411bb6106,9,14,True,1.9,1.9,3.68,0,95.04,93.14,,1
2025,53edb030-6d7f-4604-b6c5-d14411bb6106,9,15,True,0.0,2.3,3.19,0,120.62,118.32,,1
2025,53edb030-6d7f-4604-b6c5-d14411bb6106,9,16,True,-20.0,-20.0,-37.25,0,91.6,111.6,,1
2025,53edb030-6d7f-4604-b6c5-d14411bb6106,9,17,True,-2.1,-2.1,-4.06,0,97.48,99.58,,1
2025,9185eb6d-16b4-4333-8ec2-1e480d03755a,7,9,True,8.9,11.9,22.55,0,103.66,91.76,87.32,1
2025,9185eb6d-16b4-4333-8ec2-1e480d03755a,7,10,True,15.4,17.7,32.96,1,115.5,97.8,98.82,1
2025,9185eb6d-16b4-4333-8ec2-1e480d03755a,7,11,True,19.4,23.6,26.9,0,124.84,101.24,71.72,1
2025,9185eb6d-16b4-4333-8ec2-1e480d03755a,7,12,True,-1.5,6.0,11.57,0,99.56,93.56,65.82,1
2025,9185eb6d-16b4-4333-8ec2-1e480d03755a,7,13,True,27.5,30.4,49.36,1,100.98,70.58,89.0,1
2025,9185eb6d-16b4-4333-8ec2-1e480d03755a,7,14,True,0.3,-4.0,-4.86,0,75.36,79.36,,1
2025,9185eb6d-16b4-4333-8ec2-1e480d03755a,7,15,True,36.4,36.2,57.01,0,112.0,75.8,,1
2025,9185eb6d-16b4-4333-8ec2-1e480d03755a,7,16,True,8.2,5.4,1.75,0,138.9,133.5,,1
2025,9185eb6d-16b4-4333-8ec2-1e480d03755a,7,17,True,25.8,30.6,19.52,1,142.04,111.44,,1
2025,9185eb6d-16b4-4333-8ec2-1e480d03755a,8,9,True,-14.6,-11.8,-0.99,0,48.42,60.22,96.76,1
2025,9185eb6d-16b4-4333-8ec2-1e480d03755a,8,10,True,-17.0,-1.8,-3.19,0,111.92,113.72,141.9,1
2025,9185eb6d-16b4-4333-8ec2-1e480d03755a,8,11,True,-20.3,-15.5,-20.18,0,71.72,87.22,124.84,1
2025,9185eb6d-16b4-4333-8ec2-1e480d03755a,8,12,True,-1.3,-9.6,-11.16,0,74.82,84.42,130.96,1
2025,9185eb6d-16b4-4333-8ec2-1e480d03755a,8,13,True,-20.2,-24.4,-44.39,-1,87.04,111.44,103.52,1
2025,9185eb6d-16b4-4333-8ec2-1e480d03755a,8,14,True,4.6,4.0,6.11,0,84.08,80.08,,1
2025,9185eb6d-16b4-4333-8ec2-1e480d03755a,8,15,True,-38.7,-12.9,-0.84,0,49.64,62.54,,1
2025,9185eb6d-16b4-4333-8ec2-1e480d03755a,8,16,True,-8.4,2.6,3.21,0,84.88,82.28,,1
2025,9185eb6d-16b4-4333-8ec2-1e480d03755a,8,17,True,-31.4,-24.9,-45.02,0,85.34,110.24,,1
2025,ac0357d1-b890-46c3-952f-82a9cc94657e,1,10,True,32.2,33.4,48.45,1,107.4,74.0,89.0,1
2025,ac0357d1-b890-46c3-952f-82a9cc94657e,1,11,True,12.0,11.3,21.55,0,101.7,90.4,72.24,1
2025,ac0357d1-b890-46c3-952f-82a9cc94657e,1,12,True,40.2,40.2,57.85,1,127.82,87.62,120.56,1
2025,ac0357d1-b890-46c3-952f-82a9cc94657e,1,13,True,0.0,4.8,7.21,0,111.22,106.42,97.74,1
2025,ac0357d1-b890-46c3-952f-82a9cc94657e,1,14,True,25.1,18.8,22.64,0,121.54,102.74,,1
2025,ac0357d1-b890-46c3-952f-82a9cc94657e,1,15,True,-5.4,2.7,4.38,0,116.64,113.94,,1
2025,ac0357d1-b890-46c3-952f-82a9cc94657e,1,16,True,0.0,-1.6,-1.33,0,76.52,78.12,,1
2025,ac0357d1-b890-46c3-952f-82a9cc94657e,1,17,True,-17.9,2.6,2.86,0,80.76,78.16,,1
2025,ac0357d1-b890-46c3-952f-82a9cc94657e,10,10,True,-16.56,-33.93,-58.94,0,90.64,124.57,125.44,1
2025,ac0357d1-b890-46c3-952f-82a9cc94657e,10,11,True,-10.8,-5.14,-8.7,0,83.22,88.36,104.82,1
2025,ac0357d1-b890-46c3-952f-82a9cc94657e,10,12,True,-41.6,-3.4,-1.7,0,65.82,69.22,99.56,1
2025,ac0357d1-b890-46c3-952f-82a9cc94657e,10,13,True,0.64,-13.84,-24.01,-1,97.74,111.58,111.22,1
2025,ac0357d1-b890-46c3-952f-82a9cc94657e,10,14,True,-8.26,18.34,34.39,0,103.16,84.82,,1
2025,ac0357d1-b890-46c3-952f-82a9cc94657e,10,15,True,22.4,13.6,25.45,0,114.0,100.4,,1
2025,ac0357d1-b890-46c3-952f-82a9cc94657e,10,16,True,1.44,-7.18,-3.18,0,66.14,73.32,,1
2025,ac0357d1-b890-46c3-952f-82a9cc94657e,10,17,False,18.1,0.0,0.0,0,94.42,94.42,,1
2025,b312285a-fb56-4ef5-8719-752cc62a7049,7,9,True,-15.2,5.9,11.39,0,103.66,97.76,87.32,1
2025,b312285a-fb56-4ef5-8719-752cc62a7049,7,10,True,-10.4,2.2,3.73,0,115.5,113.3,98.82,1
2025,b312285a-fb56-4ef5-8719-752cc62a7049,7,11,True,-7.9,-8.5,-3.25,0,124.84,133.34,71.72,1
2025,b312285a-fb56-4ef5-8719-752cc62a7049,7,12,True,10.8,13.1,24.35,0,99.56,86.46,65.82,1
2025,b312285a-fb56-4ef5-8719-752cc62a7049,7,13,True,-1.2,-3.7,-6.7,0,100.98,104.68,89.0,1
2025,b312285a-fb56-4ef5-8719-752cc62a7049,7,14,True,-4.0,-9.5,-12.98,0,75.36,84.86,,1
2025,b312285a-fb56-4ef5-8719-752cc62a7049,7,15,True,-2.8,-5.0,-8.4,0,112.0,117.0,,1
2025,b312285a-fb56-4ef5-8719-752cc62a7049,7,16,True,26.2,29.4,25.31,0,138.9,109.5,,1
2025,b312285a-fb56-4ef5-8719-752cc62a7049,7,17,True,0.0,3.3,0.54,1,142.04,138.74,,1
2025,b312285a-fb56-4ef5-8719-752cc62a7049,10,9,True,12.4,12.4,5.08,0,139.3,126.9,80.2,1
2025,b312285a-fb56-4ef5-8719-752cc62a7049,10,10,True,14.3,14.3,14.88,0,90.64,76.34,125.44,1
2025,b312285a-fb56-4ef5-8719-752cc62a7049,10,11,True,8.5,1.5,2.31,0,83.22,81.72,104.82,1
2025,b312285a-fb56-4ef5-8719-752cc62a7049,10,12,True,-19.0,-13.1,-9.53,0,65.82,78.92,99.56,1
2025,b312285a-fb56-4ef5-8719-752cc62a7049,10,13,True,3.7,3.7,7.16,0,97.74,94.04,111.22,1
2025,b312285a-fb56-4ef5-8719-752cc62a7049,10,14,True,5.0,9.5,17.87,0,103.16,93.66,,1
2025,b312285a-fb56-4ef5-8719-752cc62a7049,10,15,True,5.0,2.4,4.18,0,114.0,111.6,,1
2025,b312285a-fb56-4ef5-8719-752cc62a7049,10,16,True,-25.4,-29.4,-29.0,0,66.14,95.54,,1
2025,b312285a-fb56-4ef5-8719-752cc62a7049,10,17,True,-3.3,-14.3,-27.07,0,94.42,108.72,,1
2025,c2396d83-847f-48b2-98c7-27cdd3d1ecb4,2,6,True,-10.6,2.5,1.34,0,68.66,66.16,94.84,1
2025,c2396d83-847f-48b2-98c7-27cdd3d1ecb4,2,7,True,16.9,18.3,18.59,0,133.02,114.72,97.78,1
2025,c2396d83-847f-48b2-98c7-27cdd3d1ecb4,2,8,False,4.1,0.0,0.0,0,82.88,82.88,89.96,1
2025,c2396d83-847f-48b2-98c7-27cdd3d1ecb4,2,9,False,7.2,0.0,0.0,0,110.58,110.58,100.5,1
2025,c2396d83-847f-48b2-98c7-27cdd3d1ecb4,2,10,True,-11.2,-0.6,-0.22,0,71.02,71.62,97.8,1
2025,c2396d83-847f-48b2-98c7-27cdd3d1ecb4,2,11,True,15.9,-10.8,-19.2,0,83.0,93.8,133.78,1
2025,c2396d83-847f-48b2-98c7-27cdd3d1ecb4,2,12,True,12.4,17.0,13.14,0,130.96,113.96,74.82,1
2025,c2396d83-847f-48b2-98c7-27cdd3d1ecb4,2,13,True,5.2,23.9,36.76,0,95.0,71.1,69.24,1
2025,c2396d83-847f-48b2-98c7-27cdd3d1ecb4,2,14,True,-0.3,-0.3,-0.48,0,83.4,83.7,,1
2025,c2396d83-847f-48b2-98c7-27cdd3d1ecb4,2,15,True,-10.3,-9.3,-13.75,0,86.7,96.0,,1
2025,c2396d83-847f-48b2-98c7-27cdd3d1ecb4,2,16,True,-4.9,2.5,4.17,0,92.3,89.8,,1
2025,c2396d83-847f-48b2-98c7-27cdd3d1ecb4,2,17,True,1.5,3.1,0.29,0,54.9,51.8,,1
2025,c2396d83-847f-48b2-98c7-27cdd3d1ecb4,3,6,True,6.2,7.1,12.07,0,91.08,83.98,96.4,1
2025,c2396d83-847f-48b2-98c7-27cdd3d1ecb4,3,7,True,-16.9,-7.2,-13.35,0,105.54,112.74,65.62,1
2025,c2396d83-847f-48b2-98c7-27cdd3d1ecb4,3,8,True,1.9,5.3,5.74,0,126.42,121.12,98.48,1
2025,c2396d83-847f-48b2-98c7-27cdd3d1ecb4,3,9,True,12.2,-3.5,-4.02,0,80.2,83.7,139.3,1
2025,c2396d83-847f-48b2-98c7-27cdd3d1ecb4,3,10,True,12.7,-0.8,-1.48,0,98.82,99.62,115.5,1
2025,c2396d83-847f-48b2-98c7-27cdd3d1ecb4,3,11,True,13.3,13.5,7.92,0,72.24,58.74,101.7,1
2025,c2396d83-847f-48b2-98c7-27cdd3d1ecb4,3,12,True,-10.0,-2.3,-3.83,0,86.68,88.98,78.46,1
2025,c2396d83-847f-48b2-98c7-27cdd3d1ecb4,3,13,True,-5.3,-5.3,-1.8,0,128.14,133.44,76.94,1
2025,c2396d83-847f-48b2-98c7-27cdd3d1ecb4,3,14,True,0.3,0.3,0.07,0,57.5,57.2,,1
2025,c2396d83-847f-48b2-98c7-27cdd3d1ecb4,3,15,True,9.3,9.3,11.15,0,126.76,117.46,,1
2025,c2396d83-847f-48b2-98c7-27cdd3d1ecb4,3,16,True,5.6,-2.5,-4.62,0,94.6,97.1,,1
2025,c2396d83-847f-48b2-98c7-27cdd3d1ecb4,3,17,True,-0.6,-3.1,-3.11,0,76.6,79.7,,1
2025,c86395ef-e69d-4fc5-a2e8-38de0c327f41,5,8,True,18.7,12.9,20.51,0,98.48,85.58,126.42,1
2025,c86395ef-e69d-4fc5-a2e8-38de0c327f41,5,9,True,8.5,11.5,20.64,0,99.2,87.7,141.2,1
2025,c86395ef-e69d-4fc5-a2e8-38de0c327f41,5,10,True,-6.6,6.7,11.14,0,97.8,91.1,71.02,1
2025,c86395ef-e69d-4fc5-a2e8-38de0c327f41,5,11,True,4.65,7.3,13.26,0,104.82,97.52,83.22,1
2025,c86395ef-e69d-4fc5-a2e8-38de0c327f41,5,12,True,1.4,-3.6,-5.32,0,109.86,113.46,84.12,1
2025,c86395ef-e69d-4fc5-a2e8-38de0c327f41,5,13,True,-0.2,1.2,2.15,0,89.0,87.8,100.98,1
2025,c86395ef-e69d-4fc5-a2e8-38de0c327f41,5,14,True,8.8,8.8,12.45,0,113.64,104.84,,1
2025,c86395ef-e69d-4fc5-a2e8-38de0c327f41,5,15,True,1.8,7.2,10.84,0,94.56,87.36,,1
2025,c86395ef-e69d-4fc5-a2e8-38de0c327f41,5,16,True,20.4,21.6,17.26,0,136.2,114.6,,1
2025,c86395ef-e69d-4fc5-a2e8-38de0c327f41,5,17,True,14.8,23.8,28.92,0,127.78,103.98,,1
2025,c86395ef-e69d-4fc5-a2e8-38de0c327f41,8,8,True,-16.8,-3.9,-6.25,0,90.88,94.78,112.12,1
2025,c86395ef-e69d-4fc5-a2e8-38de0c327f41,8,9,True,-9.2,0.0,0.0,0,48.42,48.42,96.76,1
2025,c86395ef-e69d-4fc5-a2e8-38de0c327f41,8,10,True,9.3,0.0,0.0,0,111.92,111.92,141.9,1
2025,c86395ef-e69d-4fc5-a2e8-38de0c327f41,8,11,False,-6.0,0.0,0.0,0,71.72,71.72,124.84,1
2025,c86395ef-e69d-4fc5-a2e8-38de0c327f41,8,12,True,3.6,3.9,3.09,0,74.82,70.92,130.96,1
2025,c86395ef-e69d-4fc5-a2e8-38de0c327f41,8,13,False,8.9,0.0,0.0,0,87.04,87.04,103.52,1
2025,c86395ef-e69d-4fc5-a2e8-38de0c327f41,8,14,False,-11.4,0.0,0.0,0,84.08,84.08,,1
2025,c86395ef-e69d-4fc5-a2e8-38de0c327f41,8,15,True,-1.8,6.4,0.1,0,49.64,43.24,,1
2025,c86395ef-e69d-4fc5-a2e8-38de0c327f41,8,16,False,-18.6,0.0,0.0,0,84.88,84.88,,1
2025,c86395ef-e69d-4fc5-a2e8-38de0c327f41,8,17,True,-7.16,-14.8,-26.07,0,85.34,100.14,,1
2025,d0f3b1b6-40db-4e55-845d-689337b89c55,7,4,True,0.0,5.1,7.25,1,122.64,117.54,117.92,1
2025,d0f3b1b6-40db-4e55-845d-689337b89c55,7,5,False,0.0,0.0,0.0,0,115.24,115.24,93.76,1
2025,d0f3b1b6-40db-4e55-845d-689337b89c55,7,6,True,-11.1,0.0,0.0,0,112.04,112.04,132.88,1
2025,d0f3b1b6-40db-4e55-845d-689337b89c55,7,7,True,-7.5,0.0,0.0,0,97.78,97.78,133.02,1
2025,d0f3b1b6-40db-4e55-845d-689337b89c55,7,8,True,-12.3,0.0,0.0,0,111.08,111.08,89.26,1
2025,d0f3b1b6-40db-4e55-845d-689337b89c55,7,9,True,0.0,0.0,0.0,0,103.66,103.66,87.32,1
2025,d0f3b1b6-40db-4e55-845d-689337b89c55,7,10,False,0.0,0.0,0.0,0,115.5,115.5,98.82,1
2025,dd59acaa-4ac9-4ce9-a099-2f187c73e800,5,3,True,8.0,6.3,7.17,0,80.3,74.0,84.86,1
2025,dd59acaa-4ac9-4ce9-a099-2f187c73e800,5,4,True,20.8,14.4,26.15,0,117.92,103.52,122.64,1
2025,dd59acaa-4ac9-4ce9-a099-2f187c73e800,5,5,True,-5.3,-20.1,-29.78,0,110.34,130.44,108.96,1
2025,dd59acaa-4ac9-4ce9-a099-2f187c73e800,5,6,False,0.0,0.0,0.0,0,134.84,134.84,58.74,1
2025,dd59acaa-4ac9-4ce9-a099-2f187c73e800,5,7,True,-19.0,-2.5,-4.77,0,99.26,101.76,95.38,1
2025,dd59acaa-4ac9-4ce9-a099-2f187c73e800,5,8,True,-0.6,-8.4,-16.09,0,98.48,106.88,126.42,1
2025,dd59acaa-4ac9-4ce9-a099-2f187c73e800,5,9,True,10.6,8.35,15.44,0,99.2,90.85,141.2,1
2025,dd59acaa-4ac9-4ce9-a099-2f187c73e800,5,10,True,-3.7,-8.7,-16.48,0,97.8,106.5,71.02,1
2025,dd59acaa-4ac9-4ce9-a099-2f187c73e800,5,11,True,0.15,0.0,0.0,0,104.82,104.82,83.22,1
2025,dd59acaa-4ac9-4ce9-a099-2f187c73e800,5,12,False,0.6,0.0,0.0,0,109.86,109.86,84.12,1
2025,dd59acaa-4ac9-4ce9-a099-2f187c73e800,5,13,True,0.5,0.0,0.0,0,89.0,89.0,100.98,1
2025,dd59acaa-4ac9-4ce9-a099-2f187c73e800,5,14,True,0.0,0.0,0.0,0,113.64,113.64,,1
2025,dd59acaa-4ac9-4ce9-a099-2f187c73e800,8,3,True,2.8,-4.1,-6.39,0,82.52,86.62,112.32,1
2025,dd59acaa-4ac9-4ce9-a099-2f187c73e800,8,4,True,-9.0,-5.0,-7.14,0,89.08,94.08,105.06,1
2025,dd59acaa-4ac9-4ce9-a099-2f187c73e800,8,5,True,4.4,4.4,8.5,0,108.96,104.56,110.34,1
2025,dd59acaa-4ac9-4ce9-a099-2f187c73e800,8,6,True,-2.9,3.8,7.26,0,96.06,92.26,86.72,1
2025,dd59acaa-4ac9-4ce9-a099-2f187c73e800,8,7,True,23.2,0.0,0.0,0,65.62,65.62,105.54,1
2025,dd59acaa-4ac9-4ce9-a099-2f187c73e800,8,8,True,1.1,5.8,7.82,0,90.88,85.08,112.12,1
2025,dd59acaa-4ac9-4ce9-a099-2f187c73e800,8,9,False,-9.0,0.0,0.0,0,48.42,48.42,96.76,1
2025,dd59acaa-4ac9-4ce9-a099-2f187c73e800,8,10,False,2.38,0.0,0.0,0,111.92,111.92,141.9,1
2025,dd59acaa-4ac9-4ce9-a099-2f187c73e800,8,11,False,-0.4,0.0,0.0,0,71.72,71.72,124.84,1
2025,dd59acaa-4ac9-4ce9-a099-2f187c73e800,8,12,False,15.28,0.0,0.0,0,74.82,74.82,130.96,1
2025,dd59acaa-4ac9-4ce9-a099-2f187c73e800,8,13,True,-4.1,-8.2,-15.19,0,87.04,95.24,103.52,1
2025,dd59acaa-4ac9-4ce9-a099-2f187c73e800,8,14,True,0.7,0.0,0.0,0,84.08,84.08,,1
2025,fa025c42-01f9-4624-88cc-73d4a8daec1f,2,4,True,-4.1,9.2,1.29,0,152.68,143.48,86.4,1
2025,fa025c42-01f9-4624-88cc-73d4a8daec1f,2,5,True,-5.6,-2.2,-4.17,0,101.58,103.78,95.62,1
2025,fa025c42-01f9-4624-88cc-73d4a8daec1f,2,6,True,11.32,18.5,5.43,0,68.66,50.16,94.84,1
2025,fa025c42-01f9-4624-88cc-73d4a8daec1f,2,7,True,9.6,-0.44,-0.24,0,133.02,133.46,97.78,1
2025,fa025c42-01f9-4624-88cc-73d4a8daec1f,2,8,True,4.5,6.36,5.34,0,82.88,76.52,89.96,1
2025,fa025c42-01f9-4624-88cc-73d4a8daec1f,2,9,True,5.5,4.36,7.7,0,110.58,106.22,100.5,1
2025,fa025c42-01f9-4624-88cc-73d4a8daec1f,2,10,True,11.88,10.74,2.42,0,71.02,60.28,97.8,1
2025,fa025c42-01f9-4624-88cc-73d4a8daec1f,2,11,True,-15.5,-5.7,-9.65,0,83.0,88.7,133.78,1
2025,fa025c42-01f9-4624-88cc-73d4a8daec1f,2,12,False,-15.8,0.0,0.0,0,130.96,130.96,74.82,1
2025,fa025c42-01f9-4624-88cc-73d4a8daec1f,2,13,True,-1.1,-9.9,-18.65,0,95.0,104.9,69.24,1
2025,fa025c42-01f9-4624-88cc-73d4a8daec1f,2,14,True,2.9,7.5,10.44,0,83.4,75.9,,1
2025,fa025c42-01f9-4624-88cc-73d4a8daec1f,2,15,True,14.0,14.5,12.11,0,86.7,72.2,,1
2025,fa025c42-01f9-4624-88cc-73d4a8daec1f,2,16,True,-16.7,-6.5,-11.88,0,92.3,98.8,,1
2025,fa025c42-01f9-4624-88cc-73d4a8daec1f,2,17,True,-8.8,-11.7,-2.56,0,54.9,66.6,,1
2025,fa025c42-01f9-4624-88cc-73d4a8daec1f,5,4,True,13.5,18.8,34.56,0,117.92,99.12,122.64,1
2025,fa025c42-01f9-4624-88cc-73d4a8daec1f,5,5,True,10.0,-10.4,-17.9,0,110.34,120.74,108.96,1
2025,fa025c42-01f9-4624-88cc-73d4a8daec1f,5,6,True,-5.34,8.4,3.12,0,134.84,126.44,58.74,1
2025,fa025c42-01f9-4624-88cc-73d4a8daec1f,5,7,True,-6.3,-3.3,-6.31,0,99.26,102.56,95.38,1
2025,fa025c42-01f9-4624-88cc-73d4a8daec1f,5,8,True,-2.7,-5.7,-10.87,0,98.48,104.18,126.42,1
2025,fa025c42-01f9-4624-88cc-73d4a8daec1f,5,9,True,-10.1,2.95,5.64,0,99.2,96.25,141.2,1
2025,fa025c42-01f9-4624-88cc-73d4a8daec1f,5,10,False,-4.3,0.0,0.0,0,97.8,97.8,71.02,1
2025,fa025c42-01f9-4624-88cc-73d4a8daec1f,5,11,True,19.75,16.4,30.72,0,104.82,88.42,83.22,1
2025,fa025c42-01f9-4624-88cc-73d4a8daec1f,5,12,True,21.4,19.7,36.28,0,109.86,90.16,84.12,1
2025,fa025c42-01f9-4624-88cc-73d4a8daec1f,5,13,True,0.7,1.5,2.67,0,89.0,87.5,100.98,1
2025,fa025c42-01f9-4624-88cc-73d4a8daec1f,5,14,True,-2.5,-3.5,-3.75,0,113.64,117.14,,1
2025,fa025c42-01f9-4624-88cc-73d4a8daec1f,5,15,True,-14.7,-16.4,-30.69,0,94.56,110.96,,1
2025,fa025c42-01f9-4624-88cc-73d4a8daec1f,5,16,True,15.8,21.5,17.12,0,136.2,114.7,,1
2025,fa025c42-01f9-4624-88cc-73d4a8daec1f,5,17,True,7.7,17.0,17.61,0,127.78,110.78,,1
2026,66fc9911-f895-4125-93ad-d44c54bce2f0,1,4,True,-3.6,-7.8,-13.85,0,110.12,117.92,84.08,1
2026,66fc9911-f895-4125-93ad-d44c54bce2f0,9,4,True,0.0,-13.7,-22.58,0,118.08,131.78,97.64,1
